Monitoring Stations,Month,Year,Date,pH (units),Ammonia (mg/L),Inorganic Phosphate (mg/L),BOD (mg/l),Total coliforms (MPN/100ml),Phytoplankton (cells/ml)
Stn. I (Central West Bay),1,2013,14/01/2013,8.26,0.0208,0.073,1,194,5552
Stn II (East Bay),1,2013,14/01/2013,8.3,0.0726,0.1438,1,320,17142
Stn. IV (Central Bay),1,2013,14/01/2013,8.02,0.0874,0.1606,2,281,5222
Stn V (Northern West Bay),1,2013,14/01/2013,8.24,0.0146,0.058,1,219,4294
Stn VIII (South Bay),1,2013,14/01/2013,8.12,0.0208,0.0658,1,208,20885
Stn XV (San Pedro),1,2013,14/01/2013,8.48,0.1276,0.1114,1,926,5733
Stn.XVI (Sta Rosa),1,2013,14/01/2013,8.52,0.0804,0.186,2,550,18190
Stn XVII (Sanctuary),1,2013,14/01/2013,8.4,0.0542,0.0756,2,149,16268
Stn XVIII (Pagsanjan),1,2013,14/01/2013,8.14,0.0916,0.1134,2,296,24189
Stn. I (Central West Bay),2,2013,04/02/2013,8.32,0.0636,0.1566,2,112,8422
Stn II (East Bay),2,2013,04/02/2013,8.04,0.0654,0.1604,2,232,11706
Stn. IV (Central Bay),2,2013,04/02/2013,8.3,0.0654,0.1604,2,181,2952
Stn V (Northern West Bay),2,2013,04/02/2013,8.14,0.0654,0.1604,2,222,1429
Stn VIII (South Bay),2,2013,04/02/2013,8.3,0.0672,0.139,2,94,3086
Stn XV (San Pedro),2,2013,04/02/2013,8,0.0534,0.1844,2,770,19181
Stn.XVI (Sta Rosa),2,2013,04/02/2013,8.56,0.0634,0.1332,2,365,18300
Stn XVII (Sanctuary),2,2013,04/02/2013,8.34,0.0592,0.1458,2,115,8114
Stn XVIII (Pagsanjan),2,2013,04/02/2013,8.34,0.0804,0.186,2,658,7696
Stn. I (Central West Bay),3,2013,04/03/2013,8.28,0.034,0.1286,1,147,20927
Stn II (East Bay),3,2013,04/03/2013,8.04,0.079,0.1552,1,273,183033
Stn. IV (Central Bay),3,2013,04/03/2013,8.1,0.0654,0.1604,2,226,25587
Stn V (Northern West Bay),3,2013,04/03/2013,8.12,0.0208,0.0658,1,220,21154
Stn VIII (South Bay),3,2013,04/03/2013,8.28,0.0954,0.1606,1,140,42537
Stn XV (San Pedro),3,2013,04/03/2013,8.48,0.1408,0.1464,1,845,9422
Stn.XVI (Sta Rosa),3,2013,04/03/2013,8.56,0.0634,0.1332,2,365,6128
Stn XVII (Sanctuary),3,2013,04/03/2013,8.28,0.0466,0.0624,2,131,10877
Stn XVIII (Pagsanjan),3,2013,04/03/2013,8.32,0.052,0.0704,2,441,44960
Stn. I (Central West Bay),4,2013,01/04/2013,8.5,0.0966,0.134,2,52,6079
Stn II (East Bay),4,2013,01/04/2013,8.64,0.0382,0.1638,2,31,27335
Stn. IV (Central Bay),4,2013,01/04/2013,8.28,0.0484,0.1524,2,49,15513
Stn V (Northern West Bay),4,2013,01/04/2013,8.34,0.088,0.109,2,61,9997
Stn VIII (South Bay),4,2013,01/04/2013,8.24,0.029,0.1342,2,78,29964
Stn XV (San Pedro),4,2013,01/04/2013,8.18,0.0388,0.1494,2,340,29826
Stn.XVI (Sta Rosa),4,2013,01/04/2013,8.02,0.0638,0.1602,2,210,13476
Stn XVII (Sanctuary),4,2013,01/04/2013,8.48,0.0334,0.199,3,73,25259
Stn XVIII (Pagsanjan),4,2013,01/04/2013,8.4,0.1044,0.0952,2,21,29367
Stn. I (Central West Bay),5,2013,06/05/2013,8.5,0.0554,0.1494,2,46,63351
Stn II (East Bay),5,2013,06/05/2013,8.8,0.0486,0.128,2,17,18576
Stn. IV (Central Bay),5,2013,06/05/2013,8.02,0.0498,0.12,4,35,89329
Stn V (Northern West Bay),5,2013,06/05/2013,8.2,0.0654,0.1604,2,254,155543
Stn VIII (South Bay),5,2013,06/05/2013,8.38,0.0654,0.1604,2,225,17067
Stn XV (San Pedro),5,2013,06/05/2013,8.42,0.0202,0.1674,3,150,13945
Stn.XVI (Sta Rosa),5,2013,06/05/2013,8.64,0.0342,0.2036,3,173,50398
Stn XVII (Sanctuary),5,2013,06/05/2013,8.48,0.0146,0.1412,3,42,62831
Stn XVIII (Pagsanjan),5,2013,06/05/2013,8.24,0.052,0.122,2,12,22718
Stn. I (Central West Bay),6,2013,03/06/2013,8.26,0.0836,0.0924,2,11,23653
Stn II (East Bay),6,2013,03/06/2013,8.2,0.0404,0.1312,2,16,15018
Stn. IV (Central Bay),6,2013,03/06/2013,8.8,0.0486,0.128,2,17,18846
Stn V (Northern West Bay),6,2013,03/06/2013,8.04,0.0266,0.1144,4,83,4832
Stn VIII (South Bay),6,2013,03/06/2013,8.38,0.0438,0.1504,2,284,17620
Stn XV (San Pedro),6,2013,03/06/2013,8.02,0.0192,0.118,4,112,2827
Stn.XVI (Sta Rosa),6,2013,03/06/2013,8.34,0.0552,0.1886,3,40,8327
Stn XVII (Sanctuary),6,2013,03/06/2013,8.26,0.0486,0.15,1,46,62309
Stn XVIII (Pagsanjan),6,2013,03/06/2013,8.1,0.0486,0.1388,1,11,22266
Stn. I (Central West Bay),7,2013,01/07/2013,8.38,0.0228,0.1076,3,13,180839
Stn II (East Bay),7,2013,01/07/2013,7.98,0.0334,0.1216,2,33,24495
Stn. IV (Central Bay),7,2013,01/07/2013,8.36,0.0154,0.127,3,6,60814
Stn V (Northern West Bay),7,2013,01/07/2013,8.42,0.062,0.1674,2,107,34779
Stn VIII (South Bay),7,2013,01/07/2013,8.5,0.0358,0.1392,2,83,45439
Stn XV (San Pedro),7,2013,01/07/2013,8.3,0.0374,0.1978,2,66,47418
Stn.XVI (Sta Rosa),7,2013,01/07/2013,8.36,0.033,0.108,2,29,42090
Stn XVII (Sanctuary),7,2013,01/07/2013,8.08,0.0232,0.1656,4,40,54415
Stn XVIII (Pagsanjan),7,2013,01/07/2013,8.24,0.0482,0.1316,3,32,33276
Stn. I (Central West Bay),8,2013,05/08/2013,8.22,0.0442,0.1208,2,26,33640
Stn II (East Bay),8,2013,05/08/2013,8.12,0.0208,0.0658,1,245,41147
Stn. IV (Central Bay),8,2013,05/08/2013,8.26,0.062,0.1614,2,22,106506
Stn V (Northern West Bay),8,2013,05/08/2013,8.14,0.1016,0.1718,5,74,10804
Stn VIII (South Bay),8,2013,05/08/2013,8.58,0.0292,0.1118,3,83,68923
Stn XV (San Pedro),8,2013,05/08/2013,8.54,0.0742,0.1294,3,46,16574
Stn.XVI (Sta Rosa),8,2013,05/08/2013,8.66,0.018,0.1662,3,71,17226
Stn XVII (Sanctuary),8,2013,05/08/2013,8.58,0.039,0.146,3,86,81699
Stn XVIII (Pagsanjan),8,2013,05/08/2013,8.42,0.0612,0.1624,2,116,43108
Stn. I (Central West Bay),9,2013,02/09/2013,8.34,0.0284,0.1378,2,84,48273
Stn II (East Bay),9,2013,02/09/2013,8.38,0.0782,0.1458,2,349,16600
Stn. IV (Central Bay),9,2013,02/09/2013,8.18,0.0448,0.1706,1,49,105624
Stn V (Northern West Bay),9,2013,02/09/2013,8.1,0.0798,0.166,2,280,6635
Stn VIII (South Bay),9,2013,02/09/2013,8.56,0.0404,0.0974,2,144,13570
Stn XV (San Pedro),9,2013,02/09/2013,8.1,0.0384,0.1474,1,45,27126
Stn.XVI (Sta Rosa),9,2013,02/09/2013,8.62,0.0696,0.1624,2,114,77778
Stn XVII (Sanctuary),9,2013,02/09/2013,8.12,0.0704,0.1028,1,97,159694
Stn XVIII (Pagsanjan),9,2013,02/09/2013,8.22,0.0654,0.1604,2,188,45049
Stn. I (Central West Bay),10,2013,01/10/2013,8.22,0.0654,0.1604,2,186,37646
Stn II (East Bay),10,2013,01/10/2013,8.12,0.0208,0.0658,1,185,65763
Stn. IV (Central Bay),10,2013,01/10/2013,8.1,0.0446,0.1544,2,268,17056
Stn V (Northern West Bay),10,2013,01/10/2013,7.88,0.0536,0.0828,4,492,98174
Stn VIII (South Bay),10,2013,01/10/2013,8.46,0.0464,0.0704,2,412,28053
Stn XV (San Pedro),10,2013,01/10/2013,8.56,0.0204,0.1344,3,77,16557
Stn.XVI (Sta Rosa),10,2013,01/10/2013,8.26,0.0536,0.0828,3,397,31325
Stn XVII (Sanctuary),10,2013,01/10/2013,8.16,0.0634,0.1382,2,59,43209
Stn XVIII (Pagsanjan),10,2013,01/10/2013,8.16,0.029,0.1342,2,71,76126
Stn. I (Central West Bay),11,2013,04/11/2013,8.64,0.0376,0.0976,3,170,27324
Stn II (East Bay),11,2013,04/11/2013,8.78,0.0696,0.1624,2,126,34133
Stn. IV (Central Bay),11,2013,04/11/2013,8.52,0.0466,0.1016,3,158,975862
Stn V (Northern West Bay),11,2013,04/11/2013,8.24,0.0466,0.1476,3,259,10851
Stn VIII (South Bay),11,2013,04/11/2013,8.16,0.052,0.0956,2,492,39168
Stn XV (San Pedro),11,2013,04/11/2013,7.84,0.0834,0.115,4,159,36118
Stn.XVI (Sta Rosa),11,2013,04/11/2013,8.52,0.0534,0.1844,2,854,86204
Stn XVII (Sanctuary),11,2013,04/11/2013,8.3,0.0374,0.1978,2,66,40082
Stn XVIII (Pagsanjan),11,2013,04/11/2013,8.5,0.0358,0.1392,2,83,46425
Stn. I (Central West Bay),12,2013,02/12/2013,8.34,0.0466,0.1476,3,256,11880
Stn II (East Bay),12,2013,02/12/2013,8.78,0.0696,0.1624,2,126,37826
Stn. IV (Central Bay),12,2013,02/12/2013,8.18,0.065,0.1946,3,203,13893
Stn V (Northern West Bay),12,2013,02/12/2013,7.78,0.0682,0.1422,4,294,6434
Stn VIII (South Bay),12,2013,02/12/2013,8.02,0.0534,0.1844,2,926,64933
Stn XV (San Pedro),12,2013,02/12/2013,7.88,0.0536,0.0828,4,412,19389
Stn.XVI (Sta Rosa),12,2013,02/12/2013,8.16,0.041,0.1754,4,554,31266
Stn XVII (Sanctuary),12,2013,02/12/2013,8.16,0.0634,0.1382,2,59,43853
Stn XVIII (Pagsanjan),12,2013,02/12/2013,8.32,0.0362,0.1614,2,73,43290
Stn. I (Central West Bay),1,2014,06/01/2014,8.14,0.0654,0.1604,2,222,8223
Stn II (East Bay),1,2014,06/01/2014,8.44,0.0638,0.2162,3,197,38128
Stn. IV (Central Bay),1,2014,06/01/2014,8.36,0.0554,0.202,2,57,3312
Stn V (Northern West Bay),1,2014,06/01/2014,8.36,0.0488,0.109,2,168,21456
Stn VIII (South Bay),1,2014,06/01/2014,8.08,0.0718,0.122,2,488,27900
Stn XV (San Pedro),1,2014,06/01/2014,8.24,0.0466,0.1476,3,314,16328
Stn.XVI (Sta Rosa),1,2014,06/01/2014,7.96,0.0332,0.0956,2,383,25975
Stn XVII (Sanctuary),1,2014,06/01/2014,8.28,0.0584,0.1426,2,39,24167
Stn XVIII (Pagsanjan),1,2014,06/01/2014,8.2,0.0344,0.1342,2,64,21932
Stn. I (Central West Bay),2,2014,03/02/2014,8.18,0.0138,0.0658,1,188,26849
Stn II (East Bay),2,2014,03/02/2014,8.44,0.061,0.1704,3,246,31955
Stn. IV (Central Bay),2,2014,03/02/2014,8.22,0.0284,0.1738,2,80,12544
Stn V (Northern West Bay),2,2014,03/02/2014,8.12,0.0532,0.0872,2,140,17034
Stn VIII (South Bay),2,2014,03/02/2014,8.46,0.0466,0.0886,3,464,28256
Stn XV (San Pedro),2,2014,03/02/2014,8.36,0.0694,0.1952,2,263,24382
Stn.XVI (Sta Rosa),2,2014,03/02/2014,8.72,0.0288,0.1692,3,108,56189
Stn XVII (Sanctuary),2,2014,03/02/2014,8.36,0.041,0.1188,3,35,50129
Stn XVIII (Pagsanjan),2,2014,03/02/2014,7.98,0.0334,0.1216,2,33,15281
Stn. I (Central West Bay),3,2014,03/03/2014,8.3,0.0654,0.1604,2,183,3016
Stn II (East Bay),3,2014,03/03/2014,7.9,0.0304,0.1604,2,185,9878
Stn. IV (Central Bay),3,2014,03/03/2014,8.34,0.029,0.1342,2,82,5613
Stn V (Northern West Bay),3,2014,03/03/2014,7.96,0.021,0.1558,4,140,4744
Stn VIII (South Bay),3,2014,03/03/2014,8.42,0.0536,0.0828,3,383,5105
Stn XV (San Pedro),3,2014,03/03/2014,8.34,0.0514,0.1366,3,263,3663
Stn.XVI (Sta Rosa),3,2014,03/03/2014,7.94,0.0654,0.1604,2,246,4283
Stn XVII (Sanctuary),3,2014,03/03/2014,8.34,0.0184,0.1384,2,76,4181
Stn XVIII (Pagsanjan),3,2014,03/03/2014,8.14,0.0382,0.1168,2,35,22730
Stn. I (Central West Bay),4,2014,01/04/2014,8,0.0396,0.2238,2,337,1895
Stn II (East Bay),4,2014,01/04/2014,8.7,0.0466,0.0974,2,134,2934
Stn. IV (Central Bay),4,2014,01/04/2014,8.32,0.0612,0.1458,2,101,2486
Stn V (Northern West Bay),4,2014,01/04/2014,8.26,0.0678,0.1776,2,63,3464
Stn VIII (South Bay),4,2014,01/04/2014,7.96,0.0866,0.101,2,323,1912
Stn XV (San Pedro),4,2014,01/04/2014,8.38,0.0466,0.1476,3,344,7029
Stn.XVI (Sta Rosa),4,2014,01/04/2014,8.66,0.0158,0.1294,3,112,30310
Stn XVII (Sanctuary),4,2014,01/04/2014,7.88,0.0862,0.1702,4,128,32176
Stn XVIII (Pagsanjan),4,2014,01/04/2014,8.64,0.0382,0.1638,2,31,33590
Stn. I (Central West Bay),5,2014,05/05/2014,8.2,0.065,0.1946,3,233,47291
Stn II (East Bay),5,2014,05/05/2014,8.22,0.1008,0.1412,2,58,1110
Stn. IV (Central Bay),5,2014,05/05/2014,8.32,0.0202,0.1746,3,57,1850
Stn V (Northern West Bay),5,2014,05/05/2014,8.02,0.0248,0.1992,6,172,30476
Stn VIII (South Bay),5,2014,05/05/2014,8.14,0.0592,0.1624,2,125,3688
Stn XV (San Pedro),5,2014,05/05/2014,8.28,0.065,0.1946,3,198,19350
Stn.XVI (Sta Rosa),5,2014,05/05/2014,8.44,0.0862,0.1616,3,84,29010
Stn XVII (Sanctuary),5,2014,05/05/2014,8.02,0.0282,0.1244,4,95,31685
Stn XVIII (Pagsanjan),5,2014,05/05/2014,8.14,0.0758,0.09,2,24,20573
Stn. I (Central West Bay),6,2014,02/06/2014,7.86,0.0446,0.1106,4,314,43093
Stn II (East Bay),6,2014,02/06/2014,8.16,0.0634,0.1382,2,59,255108
Stn. IV (Central Bay),6,2014,02/06/2014,8.3,0.0156,0.2274,3,64,21246
Stn V (Northern West Bay),6,2014,02/06/2014,8.74,0.0296,0.1918,8,107,5636
Stn VIII (South Bay),6,2014,02/06/2014,8.28,0.0334,0.092,2,44,17281
Stn XV (San Pedro),6,2014,02/06/2014,8.28,0.019,0.1086,3,33,22298
Stn.XVI (Sta Rosa),6,2014,02/06/2014,8.28,0.019,0.1086,3,33,31069
Stn XVII (Sanctuary),6,2014,02/06/2014,7.96,0.0522,0.106,4,36,35525
Stn XVIII (Pagsanjan),6,2014,02/06/2014,8.12,0.028,0.1474,4,22,110961
Stn. I (Central West Bay),7,2014,07/07/2014,8.315039578,0.053541623,0.139858564,2.44494863,169.4882096,1146
Stn II (East Bay),7,2014,07/07/2014,8.315039578,0.053541623,0.139858564,2.44494863,169.4882096,61590
Stn. IV (Central Bay),7,2014,07/07/2014,8.315039578,0.053541623,0.139858564,2.44494863,169.4882096,8654
Stn V (Northern West Bay),7,2014,07/07/2014,8.315039578,0.053541623,0.139858564,2.44494863,169.4882096,2594
Stn VIII (South Bay),7,2014,07/07/2014,8.315039578,0.053541623,0.139858564,2.44494863,169.4882096,15616
Stn XV (San Pedro),7,2014,07/07/2014,8.315039578,0.053541623,0.139858564,2.44494863,169.4882096,3500
Stn.XVI (Sta Rosa),7,2014,07/07/2014,8.315039578,0.053541623,0.139858564,2.44494863,169.4882096,33539
Stn XVII (Sanctuary),7,2014,07/07/2014,8.315039578,0.053541623,0.139858564,2.44494863,169.4882096,14503
Stn XVIII (Pagsanjan),7,2014,07/07/2014,8.315039578,0.053541623,0.139858564,2.44494863,169.4882096,41814
Stn. I (Central West Bay),8,2014,04/08/2014,8.315039578,0.053541623,0.139858564,2.44494863,169.4882096,2414
Stn II (East Bay),8,2014,04/08/2014,8.315039578,0.053541623,0.139858564,2.44494863,169.4882096,1919
Stn. IV (Central Bay),8,2014,04/08/2014,8.315039578,0.053541623,0.139858564,2.44494863,169.4882096,4335
Stn V (Northern West Bay),8,2014,04/08/2014,8.315039578,0.053541623,0.139858564,2.44494863,169.4882096,3336
Stn VIII (South Bay),8,2014,04/08/2014,8.315039578,0.053541623,0.139858564,2.44494863,169.4882096,1673
Stn XV (San Pedro),8,2014,04/08/2014,8.315039578,0.053541623,0.139858564,2.44494863,169.4882096,1518
Stn.XVI (Sta Rosa),8,2014,04/08/2014,8.315039578,0.053541623,0.139858564,2.44494863,169.4882096,2319
Stn XVII (Sanctuary),8,2014,04/08/2014,8.315039578,0.053541623,0.139858564,2.44494863,169.4882096,34114
Stn XVIII (Pagsanjan),8,2014,04/08/2014,8.315039578,0.053541623,0.139858564,2.44494863,169.4882096,
Stn. I (Central West Bay),10,2014,08/10/2014,8.1,0.1604,0.1412,1.9,27.8,60151
Stn II (East Bay),10,2014,08/10/2014,7.1,0.0274,0.112,2.2,204.4,7217
Stn. IV (Central Bay),10,2014,08/10/2014,7.7,0.017,0.133,2.3,347.4,54045
Stn V (Northern West Bay),10,2014,08/10/2014,7.8,0.0178,0.1548,1.8,320.8,80025
Stn VIII (South Bay),10,2014,08/10/2014,7.4,0.046,0.088,2.2,353.4,25134
Stn XV (San Pedro),10,2014,08/10/2014,7.2,0.045,0.0864,2,916,983
Stn.XVI (Sta Rosa),10,2014,08/10/2014,7.7,0.017,0.133,2.3,347.4,41604
Stn XVII (Sanctuary),10,2014,08/10/2014,7.7,0.017,0.133,2.3,347.4,24132
Stn XVIII (Pagsanjan),10,2014,08/10/2014,7.3,0.065,0.1032,2.2,769.8,12763
Stn. I (Central West Bay),11,2014,04/11/2014,7.5,0.032,0.106,2.4,210.6,44376
Stn II (East Bay),11,2014,04/11/2014,8.2,0.1094,0.1044,2.6,24.6,14930
Stn. IV (Central Bay),11,2014,04/11/2014,8.5,0.0128,0.1494,2.2,60,65717
Stn V (Northern West Bay),11,2014,04/11/2014,8.6,0.085,0.2252,3.2,59.48,1430
Stn VIII (South Bay),11,2014,04/11/2014,8.3,0.037,0.1616,1.5,285.08,28846
Stn XV (San Pedro),11,2014,04/11/2014,7.9,0.168,0.2148,2.2,102.46,23808
Stn.XVI (Sta Rosa),11,2014,04/11/2014,7.9,0.168,0.2148,2.2,102.46,61581
Stn XVII (Sanctuary),11,2014,04/11/2014,7.9,0.168,0.2148,2.2,102.46,55616
Stn XVIII (Pagsanjan),11,2014,04/11/2014,7.6,0.012,0.104,2.8,332.4,3593
Stn. I (Central West Bay),12,2014,01/12/2014,7.8,0.0178,0.1548,1.8,320.8,957
Stn II (East Bay),12,2014,01/12/2014,7.7,0.017,0.133,2.3,347.4,13995
Stn. IV (Central Bay),12,2014,01/12/2014,7.6,0.012,0.104,2.8,332.4,5720
Stn V (Northern West Bay),12,2014,01/12/2014,8,0.0228,0.1464,1.3,123.6,2591
Stn VIII (South Bay),12,2014,01/12/2014,7.6,0.012,0.104,2.8,332.4,2676
Stn XV (San Pedro),12,2014,01/12/2014,7.9,0.168,0.2148,2.2,102.46,700
Stn.XVI (Sta Rosa),12,2014,01/12/2014,7.5,0.032,0.106,2.4,210.6,40529
Stn XVII (Sanctuary),12,2014,01/12/2014,8.1,0.1604,0.1412,1.9,27.8,25076
Stn XVIII (Pagsanjan),12,2014,01/12/2014,7.8,0.0178,0.1548,1.8,320.8,4794
Stn. I (Central West Bay),1,2015,07/01/2015,8.5,0.0128,0.1494,2.2,60,3766
Stn II (East Bay),1,2015,07/01/2015,8.3,0.037,0.1616,1.5,285.08,2246
Stn. IV (Central Bay),1,2015,07/01/2015,8.4,0.0264,0.108,2.2,84.2,14941
Stn V (Northern West Bay),1,2015,07/01/2015,8.5,0.0128,0.1494,2.2,60,2706
Stn VIII (South Bay),1,2015,07/01/2015,8.3,0.037,0.1616,1.5,285.08,2806
Stn XV (San Pedro),1,2015,07/01/2015,8.6,0.085,0.2252,3.2,59.48,1426
Stn.XVI (Sta Rosa),1,2015,07/01/2015,8.5,0.0128,0.1494,2.2,60,41364
Stn XVII (Sanctuary),1,2015,07/01/2015,8.5,0.0128,0.1494,2.2,60,48252
Stn XVIII (Pagsanjan),1,2015,07/01/2015,8.4,0.0264,0.108,2.2,84.2,12106
Stn. I (Central West Bay),2,2015,03/02/2015,8.5,0.0128,0.1494,2.2,60,1423
Stn II (East Bay),2,2015,03/02/2015,8.4,0.0264,0.108,2.2,84.2,2629
Stn. IV (Central Bay),2,2015,03/02/2015,8.2,0.1094,0.1044,2.6,24.6,726
Stn V (Northern West Bay),2,2015,03/02/2015,8.7,0.0226,0.1426,2.6,179.2,1473
Stn VIII (South Bay),2,2015,03/02/2015,8.3,0.037,0.1616,1.5,285.08,953
Stn XV (San Pedro),2,2015,03/02/2015,8.5,0.0128,0.1494,2.2,60,2643
Stn.XVI (Sta Rosa),2,2015,03/02/2015,8.5,0.0128,0.1494,2.2,60,3608
Stn XVII (Sanctuary),2,2015,03/02/2015,8.4,0.0264,0.108,2.2,84.2,22390
Stn XVIII (Pagsanjan),2,2015,03/02/2015,8.4,0.0264,0.108,2.2,84.2,3513
Stn. I (Central West Bay),3,2015,03/03/2015,7.9,0.168,0.2148,2.2,102.46,14933
Stn II (East Bay),3,2015,03/03/2015,8,0.0228,0.1464,1.3,123.6,5733
Stn. IV (Central Bay),3,2015,03/03/2015,7.9,0.168,0.2148,2.2,102.46,36200
Stn V (Northern West Bay),3,2015,03/03/2015,8,0.0228,0.1464,1.3,123.6,15320
Stn VIII (South Bay),3,2015,03/03/2015,7.8,0.0178,0.1548,1.8,320.8,5655
Stn XV (San Pedro),3,2015,03/03/2015,8.2,0.1094,0.1044,2.6,24.6,17675
Stn.XVI (Sta Rosa),3,2015,03/03/2015,8.2,0.1094,0.1044,2.6,24.6,10373
Stn XVII (Sanctuary),3,2015,03/03/2015,8.3,0.037,0.1616,1.5,285.08,21513
Stn XVIII (Pagsanjan),3,2015,03/03/2015,8.3,0.037,0.1616,1.5,285.08,9483
Stn. I (Central West Bay),4,2015,07/04/2015,7.7,0.017,0.133,2.3,347.4,54648
Stn II (East Bay),4,2015,07/04/2015,7.8,0.0178,0.1548,1.8,320.8,4777
Stn. IV (Central Bay),4,2015,07/04/2015,7.8,0.0178,0.1548,1.8,320.8,15089
Stn V (Northern West Bay),4,2015,07/04/2015,7.8,0.0178,0.1548,1.8,320.8,62059
Stn VIII (South Bay),4,2015,07/04/2015,7.9,0.168,0.2148,2.2,102.46,3130
Stn XV (San Pedro),4,2015,07/04/2015,8,0.0228,0.1464,1.3,123.6,9409
Stn.XVI (Sta Rosa),4,2015,07/04/2015,8,0.0228,0.1464,1.3,123.6,28643
Stn XVII (Sanctuary),4,2015,07/04/2015,8,0.0228,0.1464,1.3,123.6,19482
Stn XVIII (Pagsanjan),4,2015,07/04/2015,7.9,0.168,0.2148,2.2,102.46,6557
Stn. I (Central West Bay),5,2015,05/05/2015,7.4,0.046,0.088,2.2,353.4,48245
Stn II (East Bay),5,2015,05/05/2015,7.6,0.012,0.104,2.8,332.4,7326
Stn. IV (Central Bay),5,2015,05/05/2015,7.9,0.168,0.2148,2.2,102.46,38832
Stn V (Northern West Bay),5,2015,05/05/2015,7.9,0.168,0.2148,2.2,102.46,15410
Stn VIII (South Bay),5,2015,05/05/2015,8.4,0.0264,0.108,2.2,84.2,2232
Stn XV (San Pedro),5,2015,05/05/2015,7.7,0.017,0.133,2.3,347.4,30068
Stn.XVI (Sta Rosa),5,2015,05/05/2015,7.5,0.032,0.106,2.4,210.6,14424
Stn XVII (Sanctuary),5,2015,05/05/2015,7.8,0.0178,0.1548,1.8,320.8,15460
Stn XVIII (Pagsanjan),5,2015,05/05/2015,7.8,0.0178,0.1548,1.8,320.8,4116
Stn. I (Central West Bay),6,2015,02/06/2015,7.4,0.046,0.088,2.2,353.4,13033
Stn II (East Bay),6,2015,02/06/2015,8.4,0.0264,0.108,2.2,84.2,10951
Stn. IV (Central Bay),6,2015,02/06/2015,8.7,0.0226,0.1426,2.6,179.2,54043
Stn V (Northern West Bay),6,2015,02/06/2015,8.3,0.037,0.1616,1.5,285.08,21188
Stn VIII (South Bay),6,2015,02/06/2015,8.1,0.1604,0.1412,1.9,27.8,2343
Stn XV (San Pedro),6,2015,02/06/2015,8.6,0.085,0.2252,3.2,59.48,6309
Stn.XVI (Sta Rosa),6,2015,02/06/2015,7.1,0.0274,0.112,2.2,204.4,13287
Stn XVII (Sanctuary),6,2015,02/06/2015,8.4,0.0264,0.108,2.2,84.2,7949
Stn XVIII (Pagsanjan),6,2015,02/06/2015,8.7,0.0226,0.1426,2.6,179.2,18592
Stn. I (Central West Bay),7,2015,08/07/2015,8.4,0.0264,0.108,2.2,84.2,349
Stn II (East Bay),7,2015,08/07/2015,8.7,0.0226,0.1426,2.6,179.2,21597
Stn. IV (Central Bay),7,2015,08/07/2015,9.3,0.0758,0.1702,4,41,18570
Stn V (Northern West Bay),7,2015,08/07/2015,8.3,0.037,0.1616,1.5,285.08,488
Stn VIII (South Bay),7,2015,08/07/2015,8.6,0.085,0.2252,3.2,59.48,44271
Stn XV (San Pedro),7,2015,08/07/2015,8.3,0.037,0.1616,1.5,285.08,7592
Stn.XVI (Sta Rosa),7,2015,08/07/2015,8.7,0.0226,0.1426,2.6,179.2,52163
Stn XVII (Sanctuary),7,2015,08/07/2015,8.5,0.0128,0.1494,2.2,60,28234
Stn XVIII (Pagsanjan),7,2015,08/07/2015,8.6,0.085,0.2252,3.2,59.48,21307
Stn. I (Central West Bay),8,2015,04/08/2015,9.3,0.0758,0.1702,4,41,65199
Stn II (East Bay),8,2015,04/08/2015,8.3,0.037,0.1616,1.5,285.08,16289
Stn. IV (Central Bay),8,2015,04/08/2015,9,0.1012,0.148,4.2,31.2,36745
Stn V (Northern West Bay),8,2015,04/08/2015,9.2,0.0306,0.0948,4,116.6,96840
Stn VIII (South Bay),8,2015,04/08/2015,8.5,0.0128,0.1494,2.2,60,12369
Stn XV (San Pedro),8,2015,04/08/2015,8.5,0.0128,0.1494,2.2,60,18283
Stn.XVI (Sta Rosa),8,2015,04/08/2015,8.1,0.1604,0.1412,1.9,27.8,80398
Stn XVII (Sanctuary),8,2015,04/08/2015,7.8,0.0178,0.1548,1.8,320.8,29213
Stn XVIII (Pagsanjan),8,2015,04/08/2015,8.3,0.037,0.1616,1.5,285.08,15318
Stn. I (Central West Bay),9,2015,01/09/2015,8.5,0.0128,0.1494,2.2,60,16140
Stn II (East Bay),9,2015,01/09/2015,8.7,0.0226,0.1426,2.6,179.2,18790
Stn. IV (Central Bay),9,2015,01/09/2015,8.4,0.0264,0.108,2.2,84.2,15312
Stn V (Northern West Bay),9,2015,01/09/2015,7.8,0.0178,0.1548,1.8,320.8,246
Stn VIII (South Bay),9,2015,01/09/2015,9.1,0.0386,0.1754,3,18.94,38292
Stn XV (San Pedro),9,2015,01/09/2015,8.6,0.085,0.2252,3.2,59.48,4326
Stn.XVI (Sta Rosa),9,2015,01/09/2015,8.4,0.0264,0.108,2.2,84.2,36690
Stn XVII (Sanctuary),9,2015,01/09/2015,7.8,0.0178,0.1548,1.8,320.8,16102
Stn XVIII (Pagsanjan),9,2015,01/09/2015,8.8,0.064,0.1242,2.8,173.8,20696
Stn. I (Central West Bay),10,2015,05/10/2015,8.4,0.0572,0.139,2,411,423
Stn II (East Bay),10,2015,05/10/2015,8,0.021,0.1252,2,222.8,4347
Stn. IV (Central Bay),10,2015,05/10/2015,8.2,0.0338,0.1882,2,312,702
Stn V (Northern West Bay),10,2015,05/10/2015,7.6,0.0298,0.1608,4,229.6,3166
Stn VIII (South Bay),10,2015,05/10/2015,8.1,0.024,0.175,3,148.6,49189
Stn XV (San Pedro),10,2015,05/10/2015,8,0.0624,0.089,3,233.8,703
Stn.XVI (Sta Rosa),10,2015,05/10/2015,8.7,0.0192,0.0528,3,97.4,52647
Stn XVII (Sanctuary),10,2015,05/10/2015,8.2,0.0338,0.1882,2,312,917
Stn XVIII (Pagsanjan),10,2015,05/10/2015,7.9,0.0586,0.1918,4,113.8,2288
Stn. I (Central West Bay),11,2015,03/11/2015,7.9,0.012,0.154,2,133.2,2656
Stn II (East Bay),11,2015,03/11/2015,8,0.021,0.1252,2,222.8,9752
Stn. IV (Central Bay),11,2015,03/11/2015,7.8,0.0386,0.1842,3,52.4,4134
Stn V (Northern West Bay),11,2015,03/11/2015,7.8,0.0464,0.1278,2,173.6,9309
Stn VIII (South Bay),11,2015,03/11/2015,8.3,0.024,0.1762,2,144.6,12092
Stn XV (San Pedro),11,2015,03/11/2015,7.8,0.0464,0.1278,2,173.6,4279
Stn.XVI (Sta Rosa),11,2015,03/11/2015,7.8,0.0464,0.1278,2,173.6,45563
Stn XVII (Sanctuary),11,2015,03/11/2015,7.8,0.0464,0.1278,2,173.6,67397
Stn XVIII (Pagsanjan),11,2015,03/11/2015,7.7,0.1106,0.0938,1,287.8,11859
Stn. I (Central West Bay),12,2015,01/12/2015,8.4,0.0572,0.139,2,411,5616
Stn II (East Bay),12,2015,01/12/2015,9.6,0.045,0.0738,3,140,9664
Stn. IV (Central Bay),12,2015,01/12/2015,7.6,0.0298,0.1608,4,229.6,3400
Stn V (Northern West Bay),12,2015,01/12/2015,8.5,0.0676,0.1524,3,205.8,1416
Stn VIII (South Bay),12,2015,01/12/2015,8.6,0.0238,0.067,3,214.8,4110
Stn XV (San Pedro),12,2015,01/12/2015,8.5,0.0676,0.1524,3,205.8,2050
Stn.XVI (Sta Rosa),12,2015,01/12/2015,8.2,0.108,0.0656,3,236.4,600
Stn XVII (Sanctuary),12,2015,01/12/2015,8.4,0.032,0.0548,3,115.4,21890
Stn XVIII (Pagsanjan),12,2015,01/12/2015,8.5,0.0676,0.1524,3,205.8,4108
Stn. I (Central West Bay),1,2016,11/01/2016,7.3,0.05,0.093,2,2400,24491
Stn II (East Bay),1,2016,11/01/2016,8.2,0.084,0.0672,1,2400,5006
Stn. IV (Central Bay),1,2016,11/01/2016,7.8,0.0188,0.0938,2,1600,4702
Stn V (Northern West Bay),1,2016,11/01/2016,8.7,0.0286,0.074,2,540,16989
Stn VIII (South Bay),1,2016,11/01/2016,7.7,0.1226,0.0852,1,2400,817
Stn XV (San Pedro),1,2016,11/01/2016,8.3,0.0556,0.0766,2,2400,5576
Stn.XVI (Sta Rosa),1,2016,11/01/2016,8.8,0.0366,0.1114,2,2400,5620
Stn XVII (Sanctuary),1,2016,11/01/2016,7.9,0.0188,0.0938,2,2400,67004
Stn XVIII (Pagsanjan),1,2016,11/01/2016,8,0.079,0.0672,1,3500,6436
Stn. I (Central West Bay),2,2016,01/02/2016,8.4,0.051,0.057,1,1138,3591
Stn II (East Bay),2,2016,01/02/2016,8,0.057,0.059,2,410,8755
Stn. IV (Central Bay),2,2016,01/02/2016,7.8,0.036,0.063,1,522,2649
Stn V (Northern West Bay),2,2016,01/02/2016,8,0.018,0.135,2,360,880
Stn VIII (South Bay),2,2016,01/02/2016,8,0.006,0.098,1,435,893
Stn XV (San Pedro),2,2016,01/02/2016,8,0.027,0.067,1,820,3129
Stn.XVI (Sta Rosa),2,2016,01/02/2016,8.2,0.008,0.04,2,639,3899
Stn XVII (Sanctuary),2,2016,01/02/2016,8.3,0.014,0.052,1,1486,2078
Stn XVIII (Pagsanjan),2,2016,01/02/2016,8.1,0.024,0.056,2,401,8503
Stn. I (Central West Bay),3,2016,01/03/2016,8,0.045,0.021,1,678,3997
Stn II (East Bay),3,2016,01/03/2016,8.3,0.264,0.004,1,333,28614
Stn. IV (Central Bay),3,2016,01/03/2016,8.1,0.019,0.006,1,457,10680
Stn V (Northern West Bay),3,2016,01/03/2016,8,0.133,0.037,1,357,6442
Stn VIII (South Bay),3,2016,01/03/2016,7.8,0.22,0.001,1,672,15928
Stn XV (San Pedro),3,2016,01/03/2016,8.1,0.169,0.03,1,485,41716
Stn.XVI (Sta Rosa),3,2016,01/03/2016,8.2,0.027,0.003,1,271,60389
Stn XVII (Sanctuary),3,2016,01/03/2016,8.1,0.092,0.016,1,918,61986
Stn XVIII (Pagsanjan),3,2016,01/03/2016,7.8,0.01,0.007,1,301,40833
Stn. I (Central West Bay),4,2016,04/04/2016,8.7,0.152,0.125,1,144,2399
Stn II (East Bay),4,2016,04/04/2016,8.5,0.085,0.071,1,27,9836
Stn. IV (Central Bay),4,2016,04/04/2016,8.7,0.129,0.104,1,125,63490
Stn V (Northern West Bay),4,2016,04/04/2016,8.9,0.083,0.102,1,125,563
Stn VIII (South Bay),4,2016,04/04/2016,8.5,0.094,0.084,1,428,102689
Stn XV (San Pedro),4,2016,04/04/2016,8.3,0.088,0.103,2,201,64319
Stn.XVI (Sta Rosa),4,2016,04/04/2016,8.3,0.081,0.087,1,165,115769
Stn XVII (Sanctuary),4,2016,04/04/2016,8.6,0.058,0.089,1,294,42025
Stn XVIII (Pagsanjan),4,2016,04/04/2016,8.7,0.068,0.031,1,110,21522
Stn. I (Central West Bay),5,2016,02/05/2016,8.3,0.236,0.147,1,144,11314
Stn II (East Bay),5,2016,02/05/2016,8.7,0.081,0.037,3,45,5379
Stn. IV (Central Bay),5,2016,02/05/2016,8.3,0.05,0.103,1,117,28158
Stn V (Northern West Bay),5,2016,02/05/2016,8.2,0.349,0.164,2,102,115840
Stn VIII (South Bay),5,2016,02/05/2016,8.3,0.055,0.077,1,620,1593
Stn XV (San Pedro),5,2016,02/05/2016,8.2,0.074,0.069,3,185,4578
Stn.XVI (Sta Rosa),5,2016,02/05/2016,8.3,0.054,0.067,2,107,6203
Stn XVII (Sanctuary),5,2016,02/05/2016,8.1,0.079,0.066,2,86,2089
Stn XVIII (Pagsanjan),5,2016,02/05/2016,9.4,0.056,0.004,4,51,15744
Stn. I (Central West Bay),6,2016,13/06/2016,9.4,0.063,0.108,8,85,344356
Stn II (East Bay),6,2016,13/06/2016,9.3,0.092,0.181,2,73,47649
Stn. IV (Central Bay),6,2016,13/06/2016,9.6,0.051,0.149,3,117,90969
Stn V (Northern West Bay),6,2016,13/06/2016,9,0.336,0.19,3,363,11845
Stn VIII (South Bay),6,2016,13/06/2016,9.4,0.054,0.095,3,709,42249
Stn XV (San Pedro),6,2016,13/06/2016,8.9,0.067,0.12,3,206,26173
Stn.XVI (Sta Rosa),6,2016,13/06/2016,9,0.042,0.087,2,83,43254
Stn XVII (Sanctuary),6,2016,13/06/2016,9.3,0.047,0.073,3,35,65904
Stn XVIII (Pagsanjan),6,2016,13/06/2016,9.4,0.031,0.12,4,26,131827
Stn. I (Central West Bay),7,2016,04/07/2016,8.8,0.025,0.134,2,185,25413
Stn II (East Bay),7,2016,04/07/2016,9.5,0.015,0.179,1,586,20652
Stn. IV (Central Bay),7,2016,04/07/2016,9.8,0.034,0.147,6,104,66686
Stn V (Northern West Bay),7,2016,04/07/2016,8.9,0.067,0.048,2,793,2026
Stn VIII (South Bay),7,2016,04/07/2016,9,0.031,0.143,1,517,67576
Stn XV (San Pedro),7,2016,04/07/2016,8.1,0.073,0.176,2,766,4287
Stn.XVI (Sta Rosa),7,2016,04/07/2016,8.7,0.039,0.074,2,136,13943
Stn XVII (Sanctuary),7,2016,04/07/2016,8.8,0.028,0.134,2,41,42655
Stn XVIII (Pagsanjan),7,2016,04/07/2016,9.6,0.001,0.001,3,38,23355
Stn. I (Central West Bay),8,2016,08/08/2016,8.1,0.313,0.235,3,126,18920
Stn II (East Bay),8,2016,08/08/2016,8.9,0.181,0.001,2,665,54790
Stn. IV (Central Bay),8,2016,08/08/2016,8.6,0.183,0.014,2,121,95082
Stn V (Northern West Bay),8,2016,08/08/2016,8.5,0.12,0.306,2,945,21919
Stn VIII (South Bay),8,2016,08/08/2016,9.1,0.069,0.001,2,586,25345
Stn XV (San Pedro),8,2016,08/08/2016,8.9,0.07,0.008,2,418,40474
Stn.XVI (Sta Rosa),8,2016,08/08/2016,8.8,0.033,0.009,7,211,19158
Stn XVII (Sanctuary),8,2016,08/08/2016,8.9,0.025,0.005,2,40,12369
Stn XVIII (Pagsanjan),8,2016,08/08/2016,8.9,0.256,0.001,3,99,65199
Stn. I (Central West Bay),9,2016,05/09/2016,7.8,0.076,0.134,3,335,467
Stn II (East Bay),9,2016,05/09/2016,9,0.048,0.011,2,754,18458
Stn. IV (Central Bay),9,2016,05/09/2016,9.6,0.073,0.039,3,49,38893
Stn V (Northern West Bay),9,2016,05/09/2016,8,0.029,0.145,2,305,1163
Stn VIII (South Bay),9,2016,05/09/2016,9,0.001,0.045,2,272,5688
Stn XV (San Pedro),9,2016,05/09/2016,8.7,0.001,0.072,3,418,4520
Stn.XVI (Sta Rosa),9,2016,05/09/2016,9,0.011,0.036,4,211,26911
Stn XVII (Sanctuary),9,2016,05/09/2016,9.4,0.055,0.061,3,82,68416
Stn XVIII (Pagsanjan),9,2016,05/09/2016,9.4,0.013,0.007,2,194,4110
Stn. I (Central West Bay),10,2016,03/10/2016,7.9,0.055,0.185,2,189,31232
Stn II (East Bay),10,2016,03/10/2016,9.2,0.045,0.214,2,66.8,21593
Stn. IV (Central Bay),10,2016,03/10/2016,8.9,0.034,0.197,2,166,4751
Stn V (Northern West Bay),10,2016,03/10/2016,7.8,0.065,0.133,1,315.6,4861
Stn VIII (South Bay),10,2016,03/10/2016,8.7,0.008,0.062,2,59,23877
Stn XV (San Pedro),10,2016,03/10/2016,7.6,0.02,0.074,1,307.2,24983
Stn.XVI (Sta Rosa),10,2016,03/10/2016,7.7,0.203,0.107,1,314.2,1085
Stn XVII (Sanctuary),10,2016,03/10/2016,8.8,0.093,0.071,2,626.6,75878
Stn XVIII (Pagsanjan),10,2016,03/10/2016,9,0.1,0.214,1,252.8,17314
Stn. I (Central West Bay),11,2016,07/11/2016,8,0.065,0.031,2,192.2,117594
Stn II (East Bay),11,2016,07/11/2016,7.76,0.32,0.051,1,249.4,5921
Stn. IV (Central Bay),11,2016,07/11/2016,8,0.052,0.084,1,169.8,83431
Stn V (Northern West Bay),11,2016,07/11/2016,8.4,0.036,0.054,1,311.6,610
Stn VIII (South Bay),11,2016,07/11/2016,8.3,0.032,0.258,0.5,74,436578
Stn XV (San Pedro),11,2016,07/11/2016,8.2,0.2,0.268,2,119.8,32644
Stn.XVI (Sta Rosa),11,2016,07/11/2016,8,0.101,0.066,2,157.8,207649
Stn XVII (Sanctuary),11,2016,07/11/2016,8.5,0.045,0.244,1,131.8,24353
Stn XVIII (Pagsanjan),11,2016,07/11/2016,8.4,0.049,0.222,1,165.2,7752
Stn. I (Central West Bay),12,2016,05/12/2016,7.9,0.077,0.149,1,299.2,153731
Stn II (East Bay),12,2016,05/12/2016,7.9,0.024,0.122,2,117.8,11879
Stn. IV (Central Bay),12,2016,05/12/2016,9.6,0.04,0.255,2,166.4,42253
Stn V (Northern West Bay),12,2016,05/12/2016,8.3,0.034,0.072,1,157.2,50101
Stn VIII (South Bay),12,2016,05/12/2016,8,0.013,0.116,1,185.6,1692
Stn XV (San Pedro),12,2016,05/12/2016,8.5,0.001,0.184,3,112.4,61731
Stn.XVI (Sta Rosa),12,2016,05/12/2016,8.3,0.001,0.013,1,201.2,186136
Stn XVII (Sanctuary),12,2016,05/12/2016,8.4,0.003,0.013,2,138.4,194129
Stn XVIII (Pagsanjan),12,2016,05/12/2016,8.8,0.001,0.113,1,175.8,7510
Stn. I (Central West Bay),1,2017,09/01/2017,8.4,0.001,0.238,1,60,9813
Stn II (East Bay),1,2017,09/01/2017,8,0.572,0.343,1,116,11434
Stn. IV (Central Bay),1,2017,09/01/2017,8.7,0.001,0.197,1,32,22330
Stn V (Northern West Bay),1,2017,09/01/2017,8.1,0.074,0.372,1,272,1468
Stn VIII (South Bay),1,2017,09/01/2017,8,0.056,0.243,1,90,10856
Stn XV (San Pedro),1,2017,09/01/2017,8.4,0.001,0.265,1,96,2870
Stn.XVI (Sta Rosa),1,2017,09/01/2017,8.6,0.001,0.233,3,102,3326
Stn XVII (Sanctuary),1,2017,09/01/2017,8.7,0.001,0.066,1,76,42902
Stn XVIII (Pagsanjan),1,2017,09/01/2017,7.8,0.033,0.16,1,73,5276
Stn. I (Central West Bay),2,2017,06/02/2017,8,1.16,0.089,1,163,1010
Stn II (East Bay),2,2017,06/02/2017,7.9,0.41,0.408,2,110,2896
Stn. IV (Central Bay),2,2017,06/02/2017,7.9,0.001,0.084,2,63,2423
Stn V (Northern West Bay),2,2017,06/02/2017,8.4,0.046,0.163,0.5,214,1589
Stn VIII (South Bay),2,2017,06/02/2017,7.8,0.041,0.143,0.5,193,3027
Stn XV (San Pedro),2,2017,06/02/2017,7.8,0.034,0.11,2,80,36676
Stn.XVI (Sta Rosa),2,2017,06/02/2017,7.9,0.003,0.105,1,90,16228
Stn XVII (Sanctuary),2,2017,06/02/2017,8.1,0.001,0.023,1,86,3549
Stn XVIII (Pagsanjan),2,2017,06/02/2017,7.9,0.25,0.24,1,73,5289
Stn. I (Central West Bay),3,2017,06/03/2017,7.9,0.009,0.173,2,512,26791
Stn II (East Bay),3,2017,06/03/2017,8.4,1.03,0.178,2,290,21964
Stn. IV (Central Bay),3,2017,06/03/2017,8,0.149,0.008,1,166,17402
Stn V (Northern West Bay),3,2017,06/03/2017,7.9,0.344,0.096,1,214,506
Stn VIII (South Bay),3,2017,06/03/2017,8,0.287,0.086,1,343,9044
Stn XV (San Pedro),3,2017,06/03/2017,8.5,0.203,0.076,2,159,36036
Stn.XVI (Sta Rosa),3,2017,06/03/2017,8.5,0.21,0.092,1,159,47305
Stn XVII (Sanctuary),3,2017,06/03/2017,8.3,0.001,0.023,1,188,274
Stn XVIII (Pagsanjan),3,2017,06/03/2017,8.3,0.033,0.016,2,88,29172
Stn. I (Central West Bay),4,2017,03/04/2017,7.7,0.011,0.251,3,973,3106
Stn II (East Bay),4,2017,03/04/2017,8.1,0.038,0.312,3,240,5819
Stn. IV (Central Bay),4,2017,03/04/2017,7.8,0.004,0.143,1,261,329473
Stn V (Northern West Bay),4,2017,03/04/2017,7.8,0.048,0.23,3,240,88325
Stn VIII (South Bay),4,2017,03/04/2017,7.8,0.042,0.286,3,552,29927
Stn XV (San Pedro),4,2017,03/04/2017,7.9,0.048,0.118,3,192,20728
Stn.XVI (Sta Rosa),4,2017,03/04/2017,7.9,0.02,0.144,2,272,92855
Stn XVII (Sanctuary),4,2017,03/04/2017,7.8,0.019,0.289,3,128,27510
Stn XVIII (Pagsanjan),4,2017,03/04/2017,7.8,0.073,0.157,2,161,24382
Stn. I (Central West Bay),5,2017,08/05/2017,8,0.143,0.357,2,586,13930
Stn II (East Bay),5,2017,08/05/2017,6.3,0.2,0.236,2,306,1359
Stn. IV (Central Bay),5,2017,08/05/2017,8.9,0.04,0.17,1,384,75663
Stn V (Northern West Bay),5,2017,08/05/2017,8.8,0.044,0.233,2,347,102077
Stn VIII (South Bay),5,2017,08/05/2017,8,0.041,0.17,2,432,1614
Stn XV (San Pedro),5,2017,08/05/2017,8,0.07,0.121,2,422,11383
Stn.XVI (Sta Rosa),5,2017,08/05/2017,7.9,0.001,0.066,2,186,14132
Stn XVII (Sanctuary),5,2017,08/05/2017,8.3,0.016,0.07,2,196,2556
Stn XVIII (Pagsanjan),5,2017,08/05/2017,8.3,0.019,0.001,2,426,7284
Stn. I (Central West Bay),6,2017,05/06/2017,8.4,0.25,0.286,4,296,35392
Stn II (East Bay),6,2017,05/06/2017,8,0.024,0.31,2,195,33403
Stn. IV (Central Bay),6,2017,05/06/2017,8.1,0.007,0.186,2,185,42630
Stn V (Northern West Bay),6,2017,05/06/2017,7.8,0.032,0.181,3,196,10344
Stn VIII (South Bay),6,2017,05/06/2017,7.8,0.042,0.182,2,290,19332
Stn XV (San Pedro),6,2017,05/06/2017,8.2,0.02,0.068,3,497,12673
Stn.XVI (Sta Rosa),6,2017,05/06/2017,7.8,0.001,0.096,2,258,17210
Stn XVII (Sanctuary),6,2017,05/06/2017,8,0.016,0.155,2,212,11751
Stn XVIII (Pagsanjan),6,2017,05/06/2017,8.1,0.016,0.001,3,352,18938
Stn. I (Central West Bay),7,2017,03/07/2017,8.2,0.058,0.205,2,163,18021
Stn II (East Bay),7,2017,03/07/2017,7.9,0.07,0.17,3,271,52753
Stn. IV (Central Bay),7,2017,03/07/2017,8,0.047,0.213,2,210,16764
Stn V (Northern West Bay),7,2017,03/07/2017,7.7,0.054,0.37,4,758,73214
Stn VIII (South Bay),7,2017,03/07/2017,8.4,0.051,0.101,2,732,36690
Stn XV (San Pedro),7,2017,03/07/2017,8.1,0.056,0.129,4,482,20097
Stn.XVI (Sta Rosa),7,2017,03/07/2017,8.3,0.043,0.071,3,211,14095
Stn XVII (Sanctuary),7,2017,03/07/2017,8.5,0.012,0.15,4,343,28221
Stn XVIII (Pagsanjan),7,2017,03/07/2017,8.5,0.059,0.186,3,485,101575
Stn. I (Central West Bay),8,2017,07/08/2017,8.6,0.099,0.149,2,163,2884
Stn II (East Bay),8,2017,07/08/2017,8.6,0.089,0.195,3,271,9404
Stn. IV (Central Bay),8,2017,07/08/2017,8.9,0.07,0.144,3,160,11075
Stn V (Northern West Bay),8,2017,07/08/2017,9,0.084,0.279,4,406,15769
Stn VIII (South Bay),8,2017,07/08/2017,8.5,0.054,0.286,4,756,26068
Stn XV (San Pedro),8,2017,07/08/2017,7.8,0.073,0.156,5,354,3522
Stn.XVI (Sta Rosa),8,2017,07/08/2017,8.2,0.054,0.106,2,196,1988
Stn XVII (Sanctuary),8,2017,07/08/2017,8.6,0.012,0.003,4,140,38204
Stn XVIII (Pagsanjan),8,2017,07/08/2017,8.6,0.024,0.185,4,172,1664
Stn. I (Central West Bay),9,2017,04/09/2017,8.2,0.09,0.276,2,291,53924
Stn II (East Bay),9,2017,04/09/2017,8.7,0.02,0.105,3,592,47093
Stn. IV (Central Bay),9,2017,04/09/2017,8.1,0.031,0.142,1,272,408535
Stn V (Northern West Bay),9,2017,04/09/2017,8.4,0.016,0.229,2,317,4906
Stn VIII (South Bay),9,2017,04/09/2017,8.1,0.025,0.093,3,245,31999
Stn XV (San Pedro),9,2017,04/09/2017,8,0.02,0.106,7,267,430002
Stn.XVI (Sta Rosa),9,2017,04/09/2017,8.1,0.053,0.101,2,230,380718
Stn XVII (Sanctuary),9,2017,04/09/2017,8.4,0.016,0.048,2,172,77709
Stn XVIII (Pagsanjan),9,2017,04/09/2017,8.4,0.023,0.048,4,172,33349
Stn. I (Central West Bay),10,2017,02/10/2017,8.2,0.051,0.362,2,196,57616
Stn II (East Bay),10,2017,02/10/2017,8.3,0.035,0.261,3,190,12769
Stn. IV (Central Bay),10,2017,02/10/2017,8,0.024,0.196,3,174,25628
Stn V (Northern West Bay),10,2017,02/10/2017,8.7,0.022,0.371,3,174,7763
Stn VIII (South Bay),10,2017,02/10/2017,8.1,0.036,0.276,4,140,331017
Stn XV (San Pedro),10,2017,02/10/2017,7.7,0.064,0.2,3,264,17482
Stn.XVI (Sta Rosa),10,2017,02/10/2017,8.4,0.02,0.182,2,240,14910
Stn XVII (Sanctuary),10,2017,02/10/2017,8.2,0.03,0.039,3,360,47712
Stn XVIII (Pagsanjan),10,2017,02/10/2017,8,0.031,0.036,3,101,17415
Stn. I (Central West Bay),11,2017,06/11/2017,7.8,0.031,0.263,3,196,336456
Stn II (East Bay),11,2017,06/11/2017,7.9,0.045,0.263,2,190,7356
Stn. IV (Central Bay),11,2017,06/11/2017,7.7,0.031,0.196,3,174,1673
Stn V (Northern West Bay),11,2017,06/11/2017,8.6,0.054,0.332,2,174,609
Stn VIII (South Bay),11,2017,06/11/2017,8.7,0.031,0.2,2,140,5325
Stn XV (San Pedro),11,2017,06/11/2017,8.1,0.058,0.165,4,264,59853
Stn.XVI (Sta Rosa),11,2017,06/11/2017,8.1,0.033,0.182,2,240,28071
Stn XVII (Sanctuary),11,2017,06/11/2017,8.1,0.028,0.039,1,360,1633
Stn XVIII (Pagsanjan),11,2017,06/11/2017,8.1,0.024,0.035,2,101,15089
Stn. I (Central West Bay),12,2017,04/12/2017,7.8,0.022,0.263,2,196,33098
Stn II (East Bay),12,2017,04/12/2017,7.9,0.036,0.122,2,190,14536
Stn. IV (Central Bay),12,2017,04/12/2017,8,0.036,0.222,1,174,487
Stn V (Northern West Bay),12,2017,04/12/2017,8,0.022,0.24,2,174,5090
Stn VIII (South Bay),12,2017,04/12/2017,8.1,0.025,0.116,2,140,5411
Stn XV (San Pedro),12,2017,04/12/2017,7.8,0.04,0.143,2,264,1316
Stn.XVI (Sta Rosa),12,2017,04/12/2017,8.4,0.018,0.185,2,240,8495
Stn XVII (Sanctuary),12,2017,04/12/2017,8.3,0.022,0.036,2,360,4608
Stn XVIII (Pagsanjan),12,2017,04/12/2017,8.1,0.018,0.026,1,101,16756
Stn. I (Central West Bay),1,2018,08/01/2018,7.7,0.221,0.135,0.5,8,2630
Stn II (East Bay),1,2018,08/01/2018,7.8,0.016,0.095,0.8,23,4203
Stn. IV (Central Bay),1,2018,08/01/2018,7.9,0.031,0.235,1,12,2490
Stn V (Northern West Bay),1,2018,08/01/2018,8.1,0.041,0.287,1.5,29,1841
Stn VIII (South Bay),1,2018,08/01/2018,8.3,0.011,0.178,1,36,753
Stn XV (San Pedro),1,2018,08/01/2018,8.3,0.018,0.211,1.1,14,1118
Stn.XVI (Sta Rosa),1,2018,08/01/2018,8.3,0.012,0.155,1.1,22,3827
Stn XVII (Sanctuary),1,2018,08/01/2018,8.1,0.031,0.193,0.5,9,773
Stn XVIII (Pagsanjan),1,2018,08/01/2018,8.3,0.022,0.113,0.5,9,2354
Stn. I (Central West Bay),2,2018,05/02/2018,8.2,0.019,0.213,1,5,320
Stn II (East Bay),2,2018,05/02/2018,8.4,0.054,0.178,1,7,2150
Stn. IV (Central Bay),2,2018,05/02/2018,8.3,0.013,0.178,1,14,446
Stn V (Northern West Bay),2,2018,05/02/2018,8.7,0.043,0.21,2,19,336
Stn VIII (South Bay),2,2018,05/02/2018,8.7,0.007,0.202,2,73,443
Stn XV (San Pedro),2,2018,05/02/2018,8.7,0.007,0.21,2,14,306
Stn.XVI (Sta Rosa),2,2018,05/02/2018,8.7,0.001,0.178,1.1,22,833
Stn XVII (Sanctuary),2,2018,05/02/2018,8.1,0.005,0.173,1.5,6,328
Stn XVIII (Pagsanjan),2,2018,05/02/2018,8.1,0.005,0.136,1,6,6083
Stn. I (Central West Bay),3,2018,05/03/2018,8.3,0.015,0.187,1,5,930
Stn II (East Bay),3,2018,05/03/2018,8.5,0.012,0.185,2,7,3971
Stn. IV (Central Bay),3,2018,05/03/2018,8.2,0.014,0.175,2,10,1690
Stn V (Northern West Bay),3,2018,05/03/2018,8.8,0.014,0.215,2,17,2071
Stn VIII (South Bay),3,2018,05/03/2018,8.6,0.008,0.21,1,54,7899
Stn XV (San Pedro),3,2018,05/03/2018,8.7,0.007,0.193,2,7,1183
Stn.XVI (Sta Rosa),3,2018,05/03/2018,8.7,0.003,0.162,1.1,14,616
Stn XVII (Sanctuary),3,2018,05/03/2018,8.2,0.003,0.164,4,4,2303
Stn XVIII (Pagsanjan),3,2018,05/03/2018,8.2,0.008,0.135,4,6,6550
Stn. I (Central West Bay),4,2018,02/04/2018,7.9,0.022,0.145,2,2.5,8767
Stn II (East Bay),4,2018,02/04/2018,8.1,0.008,0.154,1,3.5,2981
Stn. IV (Central Bay),4,2018,02/04/2018,8.2,0.025,0.15,2,5.6,1139
Stn V (Northern West Bay),4,2018,02/04/2018,8.1,0.02,0.186,5,17.3,4639
Stn VIII (South Bay),4,2018,02/04/2018,8.6,0.025,0.149,0.5,121.2,3592
Stn XV (San Pedro),4,2018,02/04/2018,8.6,0.025,0.118,2,4.4,1953
Stn.XVI (Sta Rosa),4,2018,02/04/2018,8.3,0.011,0.113,2,4.4,6881
Stn XVII (Sanctuary),4,2018,02/04/2018,8.3,0.018,0.113,1,7.2,3766
Stn XVIII (Pagsanjan),4,2018,02/04/2018,8.4,0.018,0.09,2,7.2,7631
Stn. I (Central West Bay),5,2018,07/05/2018,8.5,0.031,0.27,2,2.5,4074
Stn II (East Bay),5,2018,07/05/2018,8.1,0.045,0.144,0.5,4.2,5390
Stn. IV (Central Bay),5,2018,07/05/2018,8.7,0.06,0.184,4,5.6,31361
Stn V (Northern West Bay),5,2018,07/05/2018,8.7,0.029,0.13,4,7.7,13756
Stn VIII (South Bay),5,2018,07/05/2018,8.6,0.025,0.14,1,72,34177
Stn XV (San Pedro),5,2018,07/05/2018,8.7,0.041,0.11,2,5.6,4264
Stn.XVI (Sta Rosa),5,2018,07/05/2018,8.1,0.041,0.125,2,4.4,73017
Stn XVII (Sanctuary),5,2018,07/05/2018,8.9,0.011,0.115,2,9.7,6817
Stn XVIII (Pagsanjan),5,2018,07/05/2018,9.7,0.024,0.05,0.5,9.7,18784
Stn. I (Central West Bay),6,2018,04/06/2018,8.6,0.042,0.27,7,4.5,3292
Stn II (East Bay),6,2018,04/06/2018,8.6,0.036,0.193,3,4,9768
Stn. IV (Central Bay),6,2018,04/06/2018,8.8,0.05,0.184,5,4,1815
Stn V (Northern West Bay),6,2018,04/06/2018,8.8,0.028,0.13,3,25.8,52914
Stn VIII (South Bay),6,2018,04/06/2018,9.7,0.04,0.14,2,59.2,6363
Stn XV (San Pedro),6,2018,04/06/2018,9.7,0.04,0.143,3,5.6,3532
Stn.XVI (Sta Rosa),6,2018,04/06/2018,9.1,0.008,0.096,2,5.6,15137
Stn XVII (Sanctuary),6,2018,04/06/2018,8.9,0.01,0.063,9,12.3,11650
Stn XVIII (Pagsanjan),6,2018,04/06/2018,9.7,0.01,0.063,2,12.3,25143
Stn. I (Central West Bay),7,2018,02/07/2018,9.1,0.054,0.111,2,7.1,24672
Stn II (East Bay),7,2018,02/07/2018,8.1,0.003,0.087,7,5.3,18490
Stn. IV (Central Bay),7,2018,02/07/2018,9.4,0.028,0.05,2,5.6,31830
Stn V (Northern West Bay),7,2018,02/07/2018,8.7,0.001,0.173,4,19.3,2440
Stn VIII (South Bay),7,2018,02/07/2018,8.5,0.001,0.12,2,18.3,1110
Stn XV (San Pedro),7,2018,02/07/2018,8.8,0.001,0.149,2,5.5,14520
Stn.XVI (Sta Rosa),7,2018,02/07/2018,8.5,0.004,0.129,2,20.4,57635
Stn XVII (Sanctuary),7,2018,02/07/2018,8.1,0.001,0.093,2,4.5,7546
Stn XVIII (Pagsanjan),7,2018,02/07/2018,9.5,0.018,0.111,3,7.1,15914
Stn. I (Central West Bay),8,2018,06/08/2018,7.9,0.001,0.132,2,16,40838
Stn II (East Bay),8,2018,06/08/2018,8.7,0.039,0.104,2,4.2,52172
Stn. IV (Central Bay),8,2018,06/08/2018,8.1,0.045,0.104,4,4.9,34713
Stn V (Northern West Bay),8,2018,06/08/2018,8.7,0.008,0.1,4,18.8,4656
Stn VIII (South Bay),8,2018,06/08/2018,8.6,0.009,0.146,2,81.2,44036
Stn XV (San Pedro),8,2018,06/08/2018,8.9,0.008,0.12,3,10.2,52857
Stn.XVI (Sta Rosa),8,2018,06/08/2018,8.6,0.008,0.109,2,8.4,38183
Stn XVII (Sanctuary),8,2018,06/08/2018,8.7,0.008,0.103,3,5.4,24370
Stn XVIII (Pagsanjan),8,2018,06/08/2018,9.2,0.003,0.047,2,16,28738
Stn. I (Central West Bay),9,2018,05/09/2018,8,0.001,0.06,7,7.1,412059
Stn II (East Bay),9,2018,05/09/2018,8.7,0.001,0.052,3,4.5,9039
Stn. IV (Central Bay),9,2018,05/09/2018,8.7,0.004,0.137,5,5.3,67993
Stn V (Northern West Bay),9,2018,05/09/2018,8.6,0.001,0.178,3,21.5,30782
Stn VIII (South Bay),9,2018,05/09/2018,8.5,0.003,0.078,2,49.6,16776
Stn XV (San Pedro),9,2018,05/09/2018,9,0.001,0.144,3,167,51587
Stn.XV (Sta Rosa),9,2018,05/09/2018,8.9,0.002,0.14,2,7.2,98309
Stn XVII (Sanctuary),9,2018,05/09/2018,8.7,0.001,0.112,9,4.1,943
Stn XVIII (Pagsanjan),9,2018,05/09/2018,8.8,0.001,0.025,2,7.1,21131
Stn. I (Central West Bay),10,2018,08/10/2018,8.7,0.06,0.107,2,4.5,17427
Stn II (East Bay),10,2018,08/10/2018,8.5,0.021,0.117,2,13.9,63187
Stn. IV (Central Bay),10,2018,08/10/2018,8.2,0.027,0.148,2,21.5,45950
Stn V (Northern West Bay),10,2018,08/10/2018,8.7,0.032,0.107,2,29.1,22313
Stn VIII (South Bay),10,2018,08/10/2018,7.9,0.02,0.146,2,21.3,11791
Stn XV (San Pedro),10,2018,08/10/2018,8.6,0.016,0.149,2,16.7,10378
Stn.XVI (Sta Rosa),10,2018,08/10/2018,8.7,0.021,0.144,2,4.1,11869
Stn XVII (Sanctuary),10,2018,08/10/2018,8.7,0.013,0.084,2,3.6,45764
Stn XVIII (Pagsanjan),10,2018,08/10/2018,8.6,0.013,0.084,2,4.1,6569
Stn. I (Central West Bay),11,2018,05/11/2018,8.4,0.033,0.1,4,4.5,3354
Stn II (East Bay),11,2018,05/11/2018,8.4,0.017,0.06,2,2,40817
Stn. IV (Central Bay),11,2018,05/11/2018,8.7,0.016,0.09,2,18.1,111014
Stn V (Northern West Bay),11,2018,05/11/2018,8.7,0.021,0.1,3,24.7,61823
Stn VIII (South Bay),11,2018,05/11/2018,8.9,0.022,0.12,3,4.5,9435
Stn XV (San Pedro),11,2018,05/11/2018,7.7,0.016,0.12,2,12,30012
Stn.XVI (Sta Rosa),11,2018,05/11/2018,8.5,0.021,0.125,2,6.2,27743
Stn XVII (Sanctuary),11,2018,05/11/2018,8.6,0.013,0.074,2,8.3,23924
Stn XVIII (Pagsanjan),11,2018,05/11/2018,8.8,0.013,0.074,2,6.2,41431
Stn. I (Central West Bay),12,2018,11/12/2018,8.6,0.03,0.096,2,4.4,58151
Stn II (East Bay),12,2018,11/12/2018,8.6,0.017,0.062,1,4.2,8938
Stn. IV (Central Bay),12,2018,11/12/2018,8.6,0.03,0.075,1,20.4,11633
Stn V (Northern West Bay),12,2018,11/12/2018,8.6,0.015,0.091,2,20.1,20528
Stn VIII (South Bay),12,2018,11/12/2018,8.9,0.026,0.11,2,10.4,3101
Stn XV (San Pedro),12,2018,11/12/2018,8.8,0.021,0.11,2,19,24624
Stn.XVI (Sta Rosa),12,2018,11/12/2018,8.8,0.021,0.076,2,7.9,73059
Stn XVII (Sanctuary),12,2018,11/12/2018,8.8,0.013,0.076,2,5.8,12119
Stn XVIII (Pagsanjan),12,2018,11/12/2018,8.8,0.013,0.076,2,7.9,19495
Stn. I (Central West Bay),1,2019,07/01/2019,8.3,0.04,0.11,0.5,15,16674
Stn II (East Bay),1,2019,07/01/2019,7.5,0.06,0.11,2,19,2737
Stn. IV (Central Bay),1,2019,07/01/2019,7.8,0.08,0.11,2,11,1824
Stn V (Northern West Bay),1,2019,07/01/2019,8.5,0.04,0.09,1,29,18430
Stn VIII (South Bay),1,2019,07/01/2019,7.6,0.06,0.19,1,307,1887
Stn XV (San Pedro),1,2019,07/01/2019,8.2,0.06,0.09,1,20,8590
Stn.XVI (Sta Rosa),1,2019,07/01/2019,7.8,0.05,0.15,0.5,14,8173
Stn XVII (Sanctuary),1,2019,07/01/2019,8.1,0.05,0.05,2,22,6167
Stn XVIII (Pagsanjan),1,2019,07/01/2019,7.6,0.07,0.1,1,25,3310
Stn. I (Central West Bay),2,2019,11/02/2019,8.8,0.02,0.07,3,6,29659
Stn II (East Bay),2,2019,11/02/2019,8.3,0.03,0.07,3,16,8747
Stn. IV (Central Bay),2,2019,11/02/2019,8.4,0.02,0.06,1,20,6983
Stn V (Northern West Bay),2,2019,11/02/2019,8,0.38,0.12,2,21,14980
Stn VIII (South Bay),2,2019,11/02/2019,8.5,0.02,0.02,1,62,7730
Stn XV (San Pedro),2,2019,11/02/2019,8.8,0.01,0.07,2,24,48197
Stn.XVI (Sta Rosa),2,2019,11/02/2019,9,0.01,0.04,2,14,26502
Stn XVII (Sanctuary),2,2019,11/02/2019,9.2,0.05,0.04,1,10,22519
Stn XVIII (Pagsanjan),2,2019,11/02/2019,8.2,0.02,0.05,1,22,10093
Stn. I (Central West Bay),3,2019,04/03/2019,8.2,0.38,0.08,1,6,1322
Stn II (East Bay),3,2019,04/03/2019,8.2,0.03,0.05,1,33,2558
Stn. IV (Central Bay),3,2019,04/03/2019,8.3,0.04,0.06,0.5,9,617
Stn V (Northern West Bay),3,2019,04/03/2019,8.1,0.14,0.11,2,39,1385
Stn VIII (South Bay),3,2019,04/03/2019,8.2,0.05,0.05,2,19,1630
Stn XV (San Pedro),3,2019,04/03/2019,8.6,0.04,0.05,2,27,807
Stn.XVI (Sta Rosa),3,2019,04/03/2019,8.3,0.04,0.05,2,14,1573
Stn XVII (Sanctuary),3,2019,04/03/2019,8.9,0.03,0.07,1,9,2954
Stn XVIII (Pagsanjan),3,2019,04/03/2019,8.6,0.02,0.02,0.5,17,5224
Stn. I (Central West Bay),4,2019,01/04/2019,8.9,0.086,0.133,3,4,2458
Stn II (East Bay),4,2019,01/04/2019,8.4,0.018,0.051,3,16,23
Stn. IV (Central Bay),4,2019,01/04/2019,8.2,0.017,0.093,2,7,443
Stn V (Northern West Bay),4,2019,01/04/2019,8.4,0.042,0.124,2,13,680
Stn VIII (South Bay),4,2019,01/04/2019,8.4,0.02,0.073,2,7,1254
Stn XV (San Pedro),4,2019,01/04/2019,8.9,0.015,0.093,4,23,3103
Stn.XVI (Sta Rosa),4,2019,01/04/2019,8.5,0.012,0.067,3,4,3193
Stn XVII (Sanctuary),4,2019,01/04/2019,8.1,0.005,0.065,0.5,5,40
Stn XVIII (Pagsanjan),4,2019,01/04/2019,8.5,0.014,0.062,3,9,2094
Stn. I (Central West Bay),5,2019,06/05/2019,9,0.207,0.134,9,9,94992
Stn II (East Bay),5,2019,06/05/2019,8.7,0.271,0.108,3,18,6683
Stn. IV (Central Bay),5,2019,06/05/2019,8.4,0.065,0.109,3,11,1055
Stn V (Northern West Bay),5,2019,06/05/2019,8.7,0.655,0.288,4,25,6989
Stn VIII (South Bay),5,2019,06/05/2019,8.3,0.117,0.093,3,43,9829
Stn XV (San Pedro),5,2019,06/05/2019,8.5,0.52,0.163,4,70,276
Stn.XVI (Sta Rosa),5,2019,06/05/2019,9,0.1,0.085,2,8,8306
Stn XVII (Sanctuary),5,2019,06/05/2019,8.6,0.079,0.076,2,11,5116
Stn XVIII (Pagsanjan),5,2019,06/05/2019,9.2,0.094,0.098,3,8,8472
Stn. I (Central West Bay),6,2019,03/06/2019,9.4,0.112,0.298,7,19,186554
Stn II (East Bay),6,2019,03/06/2019,9.1,0.073,0.195,4,19,40761
Stn. IV (Central Bay),6,2019,03/06/2019,9.2,0.044,0.252,2,24,8456
Stn V (Northern West Bay),6,2019,03/06/2019,9.3,0.049,0.354,4,38,88910
Stn VIII (South Bay),6,2019,03/06/2019,9.3,0.036,0.17,4,71,33730
Stn XV (San Pedro),6,2019,03/06/2019,9.4,0.03,0.189,5,75,68482
Stn.XVI (Sta Rosa),6,2019,03/06/2019,9.4,0.034,0.143,4,18,77115
Stn XVII (Sanctuary),6,2019,03/06/2019,9.3,0.028,0.177,4,18,30417
Stn XVIII (Pagsanjan),6,2019,03/06/2019,9.2,0.048,0.169,5,18,56772
Stn. I (Central West Bay),7,2019,02/07/2019,8.2,0.271,0.329,3,19,14010
Stn II (East Bay),7,2019,02/07/2019,9.1,0.045,0.131,4,19,43760
Stn. IV (Central Bay),7,2019,02/07/2019,8.3,0.04,0.318,2,24,9103
Stn V (Northern West Bay),7,2019,02/07/2019,7.9,1.54,0.307,9,81,52097
Stn VIII (South Bay),7,2019,02/07/2019,7.1,0.062,0.178,3,73,7240
Stn XV (San Pedro),7,2019,02/07/2019,8.6,0.057,0.15,3,90,4626
Stn.XVI (Sta Rosa),7,2019,02/07/2019,8.7,0.06,0.122,4,18,10875
Stn XVII (Sanctuary),7,2019,02/07/2019,8.9,0.043,0.209,2,18,10161
Stn XVIII (Pagsanjan),7,2019,02/07/2019,9.6,0.038,0.048,5,19,11397
Stn. I (Central West Bay),8,2019,07/08/2019,7.8,0.36,0.12,4,75,3991
Stn II (East Bay),8,2019,07/08/2019,8.3,0.077,0.088,6,54,9612
Stn. IV (Central Bay),8,2019,07/08/2019,8.3,0.071,0.189,4,24,6396
Stn V (Northern West Bay),8,2019,07/08/2019,8.3,0.065,0.158,3,149,3465
Stn VIII (South Bay),8,2019,07/08/2019,8.6,0.035,0.117,3,30,6707
Stn XV (San Pedro),8,2019,07/08/2019,8.4,0.062,0.188,3,81,14830
Stn.XVI (Sta Rosa),8,2019,07/08/2019,8.5,0.053,0.214,6,24,6376
Stn XVII (Sanctuary),8,2019,07/08/2019,8.5,0.042,0.123,3,35,11308
Stn XVIII (Pagsanjan),8,2019,07/08/2019,8.1,0.039,0.027,3,25,7754
Stn. I (Central West Bay),9,2019,03/09/2019,8,0.051,0.122,6,75,5447
Stn II (East Bay),9,2019,03/09/2019,8.5,0.067,0.039,2,73,2898
Stn. IV (Central Bay),9,2019,03/09/2019,8.1,0.065,0.089,1,32,1498
Stn V (Northern West Bay),9,2019,03/09/2019,8.8,0.029,0.093,3,187,6833
Stn VIII (South Bay),9,2019,03/09/2019,8.7,0.038,0.078,2,30,20158
Stn XV (San Pedro),9,2019,03/09/2019,8.4,0.04,0.087,3,62,1240
Stn.XVI (Sta Rosa),9,2019,03/09/2019,9.1,0.016,0.075,2,24,7898
Stn XVII (Sanctuary),9,2019,03/09/2019,8.9,0.05,0.064,2,35,2374
Stn XVIII (Pagsanjan),9,2019,03/09/2019,8.6,0.037,0.019,3,25,1626
Stn. I (Central West Bay),10,2019,07/10/2019,8.5,0.143,0.161,3,102,2298
Stn II (East Bay),10,2019,07/10/2019,8.8,0.062,0.061,2,96,2342
Stn. IV (Central Bay),10,2019,07/10/2019,8.5,0.051,0.113,2,32,10
Stn V (Northern West Bay),10,2019,07/10/2019,8.7,0.125,0.126,3,91,1876
Stn VIII (South Bay),10,2019,07/10/2019,8.7,0.023,0.062,2,29,3769
Stn XV (San Pedro),10,2019,07/10/2019,8.5,0.087,0.091,2,62,243
Stn.XVI (Sta Rosa),10,2019,07/10/2019,8.6,0.005,0.082,2,33,4230
Stn XVII (Sanctuary),10,2019,07/10/2019,9.1,0.005,0.088,3,36,1260
Stn XVIII (Pagsanjan),10,2019,07/10/2019,8.6,0.005,0.029,3,24,333
Stn. I (Central West Bay),11,2019,04/11/2019,8.5,0.18,0.091,3,32,8006
Stn II (East Bay),11,2019,04/11/2019,8.9,0.04,0.053,3,32,3604
Stn. IV (Central Bay),11,2019,04/11/2019,8.8,0.209,0.133,5,23,3779
Stn V (Northern West Bay),11,2019,04/11/2019,9.5,0.111,0.102,7,30,12077
Stn VIII (South Bay),11,2019,04/11/2019,8.7,0.052,0.095,3,18,23792
Stn XV (San Pedro),11,2019,04/11/2019,8.2,0.135,0.094,4,57,27593
Stn.XVI (Sta Rosa),11,2019,04/11/2019,9.2,0.014,0.069,6,25,23683
Stn XVII (Sanctuary),11,2019,04/11/2019,8.7,0.027,0.089,5,25,4387
Stn XVIII (Pagsanjan),11,2019,04/11/2019,8.9,0.029,0.017,3,19,7819
Stn. I (Central West Bay),12,2019,02/12/2019,7.8,0.012,0.059,3,58,1029
Stn II (East Bay),12,2019,02/12/2019,7.8,0.021,0.063,4,31,2311
Stn. IV (Central Bay),12,2019,02/12/2019,8.2,0.038,0.088,3,31,143
Stn V (Northern West Bay),12,2019,02/12/2019,8,0.01,0.098,4,44,813
Stn VIII (South Bay),12,2019,02/12/2019,8,0.021,0.066,3,33,3227
Stn XV (San Pedro),12,2019,02/12/2019,9,0.032,0.069,2,120,2059
Stn.XVI (Sta Rosa),12,2019,02/12/2019,7.8,0.021,0.085,3,41,2636
Stn XVII (Sanctuary),12,2019,02/12/2019,8.2,0.012,0.062,3,41,1950
Stn XVIII (Pagsanjan),12,2019,02/12/2019,7.8,0.1,0.044,2,49,4987
Stn. I (Central West Bay),1,2020,20/01/2020,8,0.118,0.038,3,44,3263
Stn II (East Bay),1,2020,20/01/2020,8.2,0.113,0.062,3,23,2323
Stn. IV (Central Bay),1,2020,20/01/2020,7.9,0.118,0.067,4,32,64047
Stn V (Northern West Bay),1,2020,20/01/2020,8.2,0.081,0.067,4,42,2982
Stn VIII (South Bay),1,2020,20/01/2020,8.2,0.058,0.056,3,33,94422
Stn XV (San Pedro),1,2020,20/01/2020,8.1,0.043,0.069,3,100,36087
Stn.XVI (Sta Rosa),1,2020,20/01/2020,8.3,0.05,0.063,4,47,8247
Stn XVII (Sanctuary),1,2020,20/01/2020,8.3,0.095,0.083,3,65,29073
Stn XVIII (Pagsanjan),1,2020,20/01/2020,7.7,0.04,0.074,4,80,2010
Stn. I (Central West Bay),2,2020,03/02/2020,8,0.158,0.087,3,66,23554
Stn II (East Bay),2,2020,03/02/2020,8.2,0.048,0.061,3,23,54353
Stn. IV (Central Bay),2,2020,03/02/2020,8.2,0.113,0.071,4,32,49106
Stn V (Northern West Bay),2,2020,03/02/2020,8.3,0.027,0.088,5,44,20037
Stn VIII (South Bay),2,2020,03/02/2020,8.2,0.027,0.057,1,33,23822
Stn XV (San Pedro),2,2020,03/02/2020,8.2,0.028,0.075,3,52,28802
Stn.XVI (Sta Rosa),2,2020,03/02/2020,8.6,0.03,0.069,3,46,70352
Stn XVII (Sanctuary),2,2020,03/02/2020,8.4,0.036,0.05,1,50,63254
Stn XVIII (Pagsanjan),2,2020,03/02/2020,7.9,0.026,0.034,3,77,2328
Stn. I (Central West Bay),3,2020,02/03/2020,8.7,0.222,0.055,3,36,38280
Stn II (East Bay),3,2020,02/03/2020,8.7,0.067,0.095,2,31,26595
Stn. IV (Central Bay),3,2020,02/03/2020,8.6,0.083,0.032,3,25,4570
Stn V (Northern West Bay),3,2020,02/03/2020,8.8,0.078,0.065,2,19,41580
Stn VIII (South Bay),3,2020,02/03/2020,8.7,0.034,0.032,3,18,65307
Stn XV (San Pedro),3,2020,02/03/2020,8.8,0.04,0.046,3,25,30762
Stn.XVI (Sta Rosa),3,2020,02/03/2020,8.7,0.055,0.05,3,28,21436
Stn XVII (Sanctuary),3,2020,02/03/2020,8.8,0.04,0.024,3,30,23093
Stn XVIII (Pagsanjan),3,2020,02/03/2020,8.6,0.042,0.017,3,29,756
Stn. I (Central West Bay),4,2020,03/04/2020,8.315039578,0.053541623,0.139858564,2.44494863,169.4882096,
Stn II (East Bay),4,2020,03/04/2020,8.315039578,0.053541623,0.139858564,2.44494863,169.4882096,
Stn. IV (Central Bay),4,2020,03/04/2020,8.315039578,0.053541623,0.139858564,2.44494863,169.4882096,
Stn V (Northern West Bay),4,2020,03/04/2020,8.315039578,0.053541623,0.139858564,2.44494863,169.4882096,
Stn VIII (South Bay),4,2020,03/04/2020,8.315039578,0.053541623,0.139858564,2.44494863,169.4882096,
Stn XV (San Pedro),4,2020,03/04/2020,8.315039578,0.053541623,0.139858564,2.44494863,169.4882096,
Stn.XVI (Sta Rosa),4,2020,03/04/2020,8.315039578,0.053541623,0.139858564,2.44494863,169.4882096,
Stn XVII (Sanctuary),4,2020,03/04/2020,8.315039578,0.053541623,0.139858564,2.44494863,169.4882096,
Stn XVIII (Pagsanjan),4,2020,03/04/2020,8.315039578,0.053541623,0.139858564,2.44494863,169.4882096,
Stn. I (Central West Bay),5,2020,02/05/2020,8.315039578,0.053541623,0.139858564,2.44494863,169.4882096,
Stn II (East Bay),5,2020,02/05/2020,8.315039578,0.053541623,0.139858564,2.44494863,169.4882096,
Stn. IV (Central Bay),5,2020,02/05/2020,8.315039578,0.053541623,0.139858564,2.44494863,169.4882096,
Stn V (Northern West Bay),5,2020,02/05/2020,8.315039578,0.053541623,0.139858564,2.44494863,169.4882096,
Stn VIII (South Bay),5,2020,02/05/2020,8.315039578,0.053541623,0.139858564,2.44494863,169.4882096,
Stn XV (San Pedro),5,2020,02/05/2020,8.315039578,0.053541623,0.139858564,2.44494863,169.4882096,
Stn.XVI (Sta Rosa),5,2020,02/05/2020,8.315039578,0.053541623,0.139858564,2.44494863,169.4882096,
Stn XVII (Sanctuary),5,2020,02/05/2020,8.315039578,0.053541623,0.139858564,2.44494863,169.4882096,
Stn XVIII (Pagsanjan),5,2020,02/05/2020,8.315039578,0.053541623,0.139858564,2.44494863,169.4882096,
Stn. I (Central West Bay),6,2020,24/06/2020,8.315039578,0.053541623,0.139858564,2.44494863,169.4882096,
Stn II (East Bay),6,2020,24/06/2020,8.315039578,0.053541623,0.139858564,2.44494863,169.4882096,
Stn. IV (Central Bay),6,2020,24/06/2020,8.315039578,0.053541623,0.139858564,2.44494863,169.4882096,
Stn V (Northern West Bay),6,2020,24/06/2020,8.315039578,0.053541623,0.139858564,2.44494863,169.4882096,
Stn VIII (South Bay),6,2020,24/06/2020,8.315039578,0.053541623,0.139858564,2.44494863,169.4882096,
Stn XV (San Pedro),6,2020,24/06/2020,8.315039578,0.053541623,0.139858564,2.44494863,169.4882096,
Stn.XVI (Sta Rosa),6,2020,24/06/2020,8.315039578,0.053541623,0.139858564,2.44494863,169.4882096,
Stn XVII (Sanctuary),6,2020,24/06/2020,8.315039578,0.053541623,0.139858564,2.44494863,169.4882096,
Stn XVIII (Pagsanjan),6,2020,24/06/2020,8.315039578,0.053541623,0.139858564,2.44494863,169.4882096,
Stn. I (Central West Bay),9,2020,21/09/2020,8.8,0.059,0.061,2,20,61989
Stn II (East Bay),9,2020,21/09/2020,8.7,0.067,0.04,3,18,46260
Stn. IV (Central Bay),9,2020,21/09/2020,8.3,0.06,0.074,4,20,72148
Stn V (Northern West Bay),9,2020,21/09/2020,9.1,0.034,0.039,3,18,51418
Stn VIII (South Bay),9,2020,21/09/2020,8.8,0.014,0.037,3,20,88372
Stn XV (San Pedro),9,2020,21/09/2020,8.2,0.005,0.043,3,130,13300
Stn.XVI (Sta Rosa),9,2020,21/09/2020,9,0.005,0.03,4,20,83982
Stn XVII (Sanctuary),9,2020,21/09/2020,8.8,0.005,0.035,3,45,86790
Stn XVIII (Pagsanjan),9,2020,21/09/2020,8.2,0.016,0.018,3,18,47539
Stn. I (Central West Bay),10,2020,21/10/2020,8.8,0.005,0.065,2,20,160241
Stn II (East Bay),10,2020,21/10/2020,8.5,0.019,0.049,3,20,60818
Stn. IV (Central Bay),10,2020,21/10/2020,8.8,0.025,0.097,2,45,101097
Stn V (Northern West Bay),10,2020,21/10/2020,8.4,0.019,0.093,3,20,49684
Stn VIII (South Bay),10,2020,21/10/2020,8.7,0.019,0.044,2,45,125574
Stn XV (San Pedro),10,2020,21/10/2020,8.7,0.027,0.041,3,20,46759
Stn.XVI (Sta Rosa),10,2020,21/10/2020,8.8,0.011,0.042,3,18,38080
Stn XVII (Sanctuary),10,2020,21/10/2020,8.3,0.019,0.068,4,18,42792
Stn XVIII (Pagsanjan),10,2020,21/10/2020,8.2,0.005,0.04,3,20,49156
Stn. I (Central West Bay),11,2020,03/11/2020,7.9,0.005,0.029,2.6,552,30681
Stn II (East Bay),11,2020,03/11/2020,7.9,0.005,0.086,2.2,640.2,11446
Stn. IV (Central Bay),11,2020,03/11/2020,8.4,0.005,0.027,2.2,61.2,114303
Stn V (Northern West Bay),11,2020,03/11/2020,8.4,0.005,0.044,2.2,52.2,64938
Stn VIII (South Bay),11,2020,03/11/2020,8,0.005,0.042,2,739.42,18217
Stn XV (San Pedro),11,2020,03/11/2020,8,0.016,0.054,1.7,771.4,23273
Stn.XVI (Sta Rosa),11,2020,03/11/2020,7.9,0.005,0.047,2.6,552,15499
Stn XVII (Sanctuary),11,2020,03/11/2020,8,0.005,0.043,2,751.22,16155
Stn XVIII (Pagsanjan),11,2020,03/11/2020,7.7,0.005,0.061,1.8,647.8,8816
Stn. I (Central West Bay),12,2020,01/12/2020,8,0.005,0.066,2,45,1419
Stn II (East Bay),12,2020,01/12/2020,8,0.005,0.083,2,30,14066
Stn. IV (Central Bay),12,2020,01/12/2020,8.2,0.005,0.064,2,45,7251
Stn V (Northern West Bay),12,2020,01/12/2020,8.2,0.005,0.077,1,219,3543
Stn VIII (South Bay),12,2020,01/12/2020,8.5,0.005,0.029,2,148,5579
Stn XV (San Pedro),12,2020,01/12/2020,8,0.005,0.048,2,126,24105
Stn.XVI (Sta Rosa),12,2020,01/12/2020,8.1,0.005,0.081,2,208,1733
Stn XVII (Sanctuary),12,2020,01/12/2020,8.4,0.005,0.041,2,28,16435
Stn XVIII (Pagsanjan),12,2020,01/12/2020,8.1,0.013,0.063,2,51,10640
Stn. I (Central West Bay),1,2021,11/01/2021,8.3,0.034,0.078,2,30,6604
Stn II (East Bay),1,2021,11/01/2021,8.2,0.022,0.064,0.5,65,12324
Stn. IV (Central Bay),1,2021,11/01/2021,8.2,0.019,0.078,2,45,6016
Stn V (Northern West Bay),1,2021,11/01/2021,8.1,0.028,0.113,2,94,6755
Stn VIII (South Bay),1,2021,11/01/2021,8.2,0.023,0.071,1,52,13829
Stn XIII (Taytay),1,2021,11/01/2021,7.9,0.028,0.107,2,462,3454
Stn XV (San Pedro),1,2021,11/01/2021,8.3,0.022,0.47,3,64,5577
Stn.XVI (Sta Rosa),1,2021,11/01/2021,8.4,0.028,0.043,3,36,5693
Stn XVII (Sanctuary),1,2021,11/01/2021,8.3,0.023,0.069,2,30,8654
Stn XVIII (Pagsanjan),1,2021,11/01/2021,8,0.024,0.061,0.5,78,53914
Stn XIX (Muntinlupa),1,2021,11/01/2021,8.3,0.022,0.058,2,9200,6696
Stn XX (GEMS),1,2021,11/01/2021,8.1,0.023,0.072,2,1100,1886
Stn XXI (Cardona),1,2021,11/01/2021,8.2,0.019,0.078,2,110,11320
Stn XXII (Jala-jala),1,2021,11/01/2021,8.3,0.024,0.067,2,18,10929
Stn XXIII (Lumban),1,2021,11/01/2021,7.7,0.025,0.048,3,45,34270
Stn. I (Central West Bay),2,2021,01/02/2021,8.1,0.079,0.06,2,26,28090
Stn II (East Bay),2,2021,01/02/2021,8,0.043,0.038,2,69,14490
Stn. IV (Central Bay),2,2021,01/02/2021,7.9,0.035,0.053,2,34,22567
Stn V (Northern West Bay),2,2021,01/02/2021,7.7,0.034,0.094,2,73,16678
Stn VIII (South Bay),2,2021,01/02/2021,8,0.042,0.044,2,36,10438
Stn XIII (Taytay),2,2021,01/02/2021,7.8,0.033,0.106,2,213,19813
Stn XV (San Pedro),2,2021,01/02/2021,8.2,0.03,0.054,2,44,28244
Stn.XVI (Sta Rosa),2,2021,01/02/2021,8.4,0.03,0.055,2,39,6893
Stn XVII (Sanctuary),2,2021,01/02/2021,8,0.045,0.054,2,35,37633
Stn XVIII (Pagsanjan),2,2021,01/02/2021,8.2,0.031,0.057,2,37,16326
Stn XIX (Muntinlupa),2,2021,01/02/2021,7.7,0.036,0.025,2,1094,16704
Stn XX (GEMS),2,2021,01/02/2021,8.1,0.037,0.051,2,293,36681
Stn XXI (Cardona),2,2021,01/02/2021,8,0.032,0.054,2,120,39601
Stn XXII (Jala-jala),2,2021,01/02/2021,8,0.038,0.039,0.5,19,56397
Stn XXIII (Lumban),2,2021,01/02/2021,7.7,0.05,0.018,2,45,65777
Stn. I (Central West Bay),3,2021,01/03/2021,8.7,0.059,0.051,2,30,96652
Stn II (East Bay),3,2021,01/03/2021,8.4,0.038,0.058,3,60,28386
Stn. IV (Central Bay),3,2021,01/03/2021,8.3,0.005,0.06,2,49,34372
Stn V (Northern West Bay),3,2021,01/03/2021,8.7,0.005,0.077,3,33,75117
Stn VIII (South Bay),3,2021,01/03/2021,8.4,0.042,0.051,2,18,79176
Stn XIII (Taytay),3,2021,01/03/2021,7.3,0.005,0.096,3,111,93445
Stn XV (San Pedro),3,2021,01/03/2021,8.1,0.005,0.066,2,26,123426
Stn.XVI (Sta Rosa),3,2021,01/03/2021,8.5,0.014,0.055,5,34,193389
Stn XVII (Sanctuary),3,2021,01/03/2021,8.4,0.005,0.044,2,24,46259
Stn XVIII (Pagsanjan),3,2021,01/03/2021,8.6,0.005,0.01,3,30,36153
Stn XIX (Muntinlupa),3,2021,01/03/2021,8.7,0.044,0.061,4,288,104275
Stn XX (GEMS),3,2021,01/03/2021,8.3,0.023,0.054,3,481,80152
Stn XXI (Cardona),3,2021,01/03/2021,8.9,0.027,0.061,2,191,26156
Stn XXII (Jala-jala),3,2021,01/03/2021,8.5,0.052,0.041,3,19,19726
Stn XXIII (Lumban),3,2021,01/03/2021,8.9,0.05,0.02,4,64,38451
Stn. I (Central West Bay),4,2021,03/04/2021,8.36,0.0652,0.1514,2.2,37,
Stn II (East Bay),4,2021,03/04/2021,8.48,0.063,0.1308,2.4,39,
Stn. IV (Central Bay),4,2021,03/04/2021,8.52,0.0564,0.0688,2.6,51,
Stn V (Northern West Bay),4,2021,03/04/2021,8.56,0.0318,0.1452,4,30,
Stn VIII (South Bay),4,2021,03/04/2021,8.58,0.074,0.1496,3,18,
Stn XIII (Taytay),4,2021,03/04/2021,8.4,0.022,0.0938,3,28,
Stn XV (San Pedro),4,2021,03/04/2021,8.56,0.0318,0.1452,4,30,
Stn.XVI (Sta Rosa),4,2021,03/04/2021,8.56,0.0318,0.1452,4,30,
Stn XVII (Sanctuary),4,2021,03/04/2021,8.4,0.022,0.0938,3,28,
Stn XVIII (Pagsanjan),4,2021,03/04/2021,8.58,0.0528,0.1664,3.2,19,
Stn XIX (Muntinlupa),4,2021,03/04/2021,8.52,0.0564,0.0688,2.6,51,
Stn XX (GEMS),4,2021,03/04/2021,7.98,0.0192,0.1398,1.8,318,
Stn XXI (Cardona),4,2021,03/04/2021,7.78,0.042,0.146,1.3,252,
Stn XXII (Jala-jala),4,2021,03/04/2021,8.42,0.023,0.087,2.4,20,
Stn XXIII (Lumban),4,2021,03/04/2021,8.02,0.0114,0.0936,2,76,
Stn. I (Central West Bay),5,2021,05/05/2021,8.4,0.0246,0.074,3,35,19910
Stn II (East Bay),5,2021,05/05/2021,8.4,0.0468,0.054,2,19,68660
Stn. IV (Central Bay),5,2021,05/05/2021,8.4,0.0396,0.102,2,51,31582
Stn V (Northern West Bay),5,2021,05/05/2021,8.4,0.08,0.081,1,19,60833
Stn VIII (South Bay),5,2021,05/05/2021,8.2,0.0794,0.051,2,94,58713
Stn XIII (Taytay),5,2021,05/05/2021,8.4,0.0468,0.078,2,19,81979
Stn XV (San Pedro),5,2021,05/05/2021,8.5,0.0052,0.058,2,28,98412
Stn.XVI (Sta Rosa),5,2021,05/05/2021,8.2,0.077,0.078,2,118,129804
Stn XVII (Sanctuary),5,2021,05/05/2021,8.4,0.013,0.044,2,18,56676
Stn XVIII (Pagsanjan),5,2021,05/05/2021,8,0.0384,0.021,2,19,36939
Stn XIX (Muntinlupa),5,2021,05/05/2021,8.5,0.017,0.119,2,30,98592
Stn XX (GEMS),5,2021,05/05/2021,8.3,0.0556,0.042,2,470,
Stn XXI (Cardona),5,2021,05/05/2021,8.5,0.0072,0.068,5,94,31033
Stn XXII (Jala-jala),5,2021,05/05/2021,8.5,0.0146,0.059,3,19,46643
Stn XXIII (Lumban),5,2021,05/05/2021,8.4,0.0042,0.005,3,51,43637
Stn. I (Central West Bay),6,2021,08/06/2021,8.7,0.0064,0.052,3,106,20125
Stn II (East Bay),6,2021,08/06/2021,8.2,0.0072,0.034,4,40,576581
Stn. IV (Central Bay),6,2021,08/06/2021,9,0.0256,0.086,4,49,970217
Stn V (Northern West Bay),6,2021,08/06/2021,9.7,0.056,0.1,5,18,492902
Stn VIII (South Bay),6,2021,08/06/2021,8.9,0.103,0.695,1,94,1145724
Stn XIII (Taytay),6,2021,08/06/2021,9.2,0.013,0.245,5,30,1001796
Stn XV (San Pedro),6,2021,08/06/2021,9.1,0.012,0.073,5,28,601902
Stn.XVI (Sta Rosa),6,2021,08/06/2021,8.9,0.0072,0.095,5,744,164530
Stn XVII (Sanctuary),6,2021,08/06/2021,9,0.0324,0.078,4,18,149820
Stn XVIII (Pagsanjan),6,2021,08/06/2021,8.9,0.0366,0.043,2,38,665662
Stn XIX (Muntinlupa),6,2021,08/06/2021,8.1,0.0812,0.105,1,28,403552
Stn XX (GEMS),6,2021,08/06/2021,8.3,0.0628,0.105,2,237,159929
Stn XXI (Cardona),6,2021,08/06/2021,8.9,0.0416,0.09,2,18,539199
Stn XXII (Jala-jala),6,2021,08/06/2021,8.1,0.0132,0.023,3,18,437761
Stn XXIII (Lumban),6,2021,08/06/2021,8.8,0.0276,0.06,3,43,586080
Stn. I (Central West Bay),7,2021,05/07/2021,8.9,0.11,0.11,3,59,26788
Stn II (East Bay),7,2021,05/07/2021,8.9,0.047,0.069,0.5,50,53888
Stn. IV (Central Bay),7,2021,05/07/2021,8.5,0.04,0.0151,2,35,28231
Stn V (Northern West Bay),7,2021,05/07/2021,9.1,0.064,0.137,4,19,125205
Stn VIII (South Bay),7,2021,05/07/2021,8.8,0.03,0.084,2,54,111387
Stn XIII (Taytay),7,2021,05/07/2021,8.8,0.065,0.189,3,39,199310
Stn XV (San Pedro),7,2021,05/07/2021,9.1,0.05,0.137,3,47,141935
Stn.XVI (Sta Rosa),7,2021,05/07/2021,8.8,0.05,0.114,2,634,22696
Stn XVII (Sanctuary),7,2021,05/07/2021,8.9,0.022,0.102,2,18,29870
Stn XVIII (Pagsanjan),7,2021,05/07/2021,9.6,0.026,0.075,2,40,27152
Stn XIX (Muntinlupa),7,2021,05/07/2021,9.2,0.047,0.111,4,25,63761
Stn XX (GEMS),7,2021,05/07/2021,8.4,0.075,0.083,2,235,44803
Stn XXI (Cardona),7,2021,05/07/2021,7.8,0.041,0.148,4,18,31122
Stn XXII (Jala-jala),7,2021,05/07/2021,8.8,0.041,0.108,3,24,94431
Stn XXIII (Lumban),7,2021,05/07/2021,8,0.041,0.063,5,85,3373
Stn. I (Central West Bay),8,2021,02/08/2021,8.2,0.03,0.12,3,268,7795
Stn II (East Bay),8,2021,02/08/2021,8.2,0.03,0.04,1,106,14159
Stn. IV (Central Bay),8,2021,02/08/2021,8.3,0.03,0.13,2,55,18030
Stn V (Northern West Bay),8,2021,02/08/2021,8.4,0.03,0.12,1,125,10056
Stn VIII (South Bay),8,2021,02/08/2021,8.7,0.03,0.05,0.5,8,26204
Stn XIII (Taytay),8,2021,02/08/2021,8.7,0.02,0.11,1,194,14158
Stn XV (San Pedro),8,2021,02/08/2021,8.7,0.03,0.09,1,167,15550
Stn.XVI (Sta Rosa),8,2021,02/08/2021,8.3,0.12,0.15,3,1006,17845
Stn XVII (Sanctuary),8,2021,02/08/2021,8.58,0.074,0.1496,3,18,
Stn XVIII (Pagsanjan),8,2021,02/08/2021,7.4,0.03,0.04,2,122,11687
Stn XIX (Muntinlupa),8,2021,02/08/2021,8.7,0.02,0.09,1,108,11852
Stn XX (GEMS),8,2021,02/08/2021,8,0.05,0.13,2,474,9430
Stn XXI (Cardona),8,2021,02/08/2021,8.4,0.02,0.07,5,24,12952
Stn XXII (Jala-jala),8,2021,02/08/2021,8.9,0.03,0.05,0.5,47,26350
Stn XXIII (Lumban),8,2021,02/08/2021,8.1,0.03,0.03,4,247,31093
Stn. I (Central West Bay),9,2021,06/09/2021,9.2,0.07,0.03,2.8,85,27896
Stn II (East Bay),9,2021,06/09/2021,8.8,0.07,0.06,2,62,7727
Stn. IV (Central Bay),9,2021,06/09/2021,9.1,0.03,0.09,3.6,30,550846
Stn V (Northern West Bay),9,2021,06/09/2021,9,0.02,0.12,1.6,287,952237
Stn VIII (South Bay),9,2021,06/09/2021,8.9,0.03,0.08,1.6,14,487383
Stn XIII (Taytay),9,2021,06/09/2021,9.4,0.03,0.18,2,194,126893
Stn XV (San Pedro),9,2021,06/09/2021,8.3,0.11,0.15,1.1,123,390309
Stn.XVI (Sta Rosa),9,2021,06/09/2021,9,0.04,0.1,1.6,1217,418899
Stn XVII (Sanctuary),9,2021,06/09/2021,9.6,0.07,0.1,3.6,18,702659
Stn XVIII (Pagsanjan),9,2021,06/09/2021,9.2,0.07,0.01,1.6,96,31971
Stn XIX (Muntinlupa),9,2021,06/09/2021,9.1,0.04,0.16,1.8,108,127031
Stn XX (GEMS),9,2021,06/09/2021,9.2,0.02,0.13,1.4,293,40955
Stn XXI (Cardona),9,2021,06/09/2021,9.2,0.03,0.1,2,57,131451
Stn XXII (Jala-jala),9,2021,06/09/2021,9.6,0.03,0.08,1.8,91,460306
Stn XXIII (Lumban),9,2021,06/09/2021,9.2,0.03,0.01,1.6,504,29406
Stn. I (Central West Bay),10,2021,04/10/2021,8.1,0.35,0.17,3,85,28648
Stn II (East Bay),10,2021,04/10/2021,7.7,0.05,0.08,3,114,8950
Stn. IV (Central Bay),10,2021,04/10/2021,7.8,0.01,0.14,4,31,31565
Stn V (Northern West Bay),10,2021,04/10/2021,8.3,0.02,0.17,2,432,11733
Stn VIII (South Bay),10,2021,04/10/2021,7.7,0.01,0.1,2,14,6136
Stn XIII (Taytay),10,2021,04/10/2021,8.3,0.01,0.2,4,241,42371
Stn XV (San Pedro),10,2021,04/10/2021,7.6,0.02,0.14,4,123,25103
Stn.XVI (Sta Rosa),10,2021,04/10/2021,7.6,0.05,0.13,2,1458,8624
Stn XVII (Sanctuary),10,2021,04/10/2021,8,0.04,0.12,3,19,9740
Stn XVIII (Pagsanjan),10,2021,04/10/2021,7.7,0.02,0.02,2,115,26310
Stn XIX (Muntinlupa),10,2021,04/10/2021,8.2,0.04,0.17,3,307,29496
Stn XX (GEMS),10,2021,04/10/2021,7.9,0.02,0.16,3,726,9412
Stn XXI (Cardona),10,2021,04/10/2021,7.7,0.04,0.17,2,134,7327
Stn XXII (Jala-jala),10,2021,04/10/2021,7.9,0.02,0.13,3,177,3609
Stn XXIII (Lumban),10,2021,04/10/2021,7.3,0.02,0.04,3,1107,6537
Stn. I (Central West Bay),11,2021,03/11/2021,8.1,0.07,0.18,1,46,14504
Stn II (East Bay),11,2021,03/11/2021,7.9,0.4,0.13,2,54,35141
Stn. IV (Central Bay),11,2021,03/11/2021,7.9,0.005,0.18,2,20,10811
Stn V (Northern West Bay),11,2021,03/11/2021,8.2,0.005,0.16,3,67,112052
Stn VIII (South Bay),11,2021,03/11/2021,8.1,0.005,0.15,2,41,9796
Stn XIII (Taytay),11,2021,03/11/2021,8.5,0.005,0.18,5,47,145074
Stn XV (San Pedro),11,2021,03/11/2021,8.3,0.005,0.16,4,36,93278
Stn.XVI (Sta Rosa),11,2021,03/11/2021,8.2,0.005,0.17,3,442,41040
Stn XVII (Sanctuary),11,2021,03/11/2021,8,0.005,0.18,2,19,6215
Stn XVIII (Pagsanjan),11,2021,03/11/2021,8,0.005,0.08,3,62,55505
Stn XIX (Muntinlupa),11,2021,03/11/2021,8.3,0.005,0.2,5,55,421301
Stn XX (GEMS),11,2021,03/11/2021,8,0.005,0.18,3,392,27709
Stn XXI (Cardona),11,2021,03/11/2021,8.1,0.005,0.19,2,98,12566
Stn XXII (Jala-jala),11,2021,03/11/2021,8.1,0.06,0.17,2,95,11443
Stn XXIII (Lumban),11,2021,03/11/2021,7.5,0.005,0.06,2,636,11630
Stn. I (Central West Bay),12,2021,02/12/2021,8.3,0.209,0.22,3,46,9471
Stn II (East Bay),12,2021,02/12/2021,8.4,0.059,0.15,2,56,3235
Stn. IV (Central Bay),12,2021,02/12/2021,8.2,0.01,0.18,3,19,6487
Stn V (Northern West Bay),12,2021,02/12/2021,8.1,0.039,0.24,2,30,3863
Stn VIII (South Bay),12,2021,02/12/2021,8.3,0.011,0.18,2,24,9764
Stn XIII (Taytay),12,2021,02/12/2021,8.1,0.005,0.25,2,54,5830
Stn XV (San Pedro),12,2021,02/12/2021,8.2,0.005,0.18,1,36,3475
Stn.XVI (Sta Rosa),12,2021,02/12/2021,8.2,0.015,0.22,4,107,2896
Stn XVII (Sanctuary),12,2021,02/12/2021,8.1,0.012,0.19,2,20,7304
Stn XVIII (Pagsanjan),12,2021,02/12/2021,8.2,0.01,0.12,2,112,13147
Stn XIX (Muntinlupa),12,2021,02/12/2021,8.1,0.005,0.19,2,55,5932
Stn XX (GEMS),12,2021,02/12/2021,8.1,0.005,0.19,3,633,4719
Stn XXI (Cardona),12,2021,02/12/2021,8.2,0.011,0.2,2,42,2625
Stn XXII (Jala-jala),12,2021,02/12/2021,8.3,0.017,0.17,2,51,5116
Stn XXIII (Lumban),12,2021,02/12/2021,8,0.033,0.06,3,294,5663
Stn. I (Central West Bay),2,2022,07/02/2022,8.3,0.546,0.209,1,19,472033
Stn II (East Bay),2,2022,07/02/2022,8.4,0.168,0.241,2,51,307879
Stn. IV (Central Bay),2,2022,07/02/2022,8.2,0.265,0.21,2,18,405663
Stn V (Northern West Bay),2,2022,07/02/2022,8.5,0.289,0.173,2,19,446145
Stn VIII (South Bay),2,2022,07/02/2022,8.4,0.211,0.069,2,19,393600
Stn XIII (Taytay),2,2022,07/02/2022,8.6,0.225,0.14,3,37,845748
Stn XV (San Pedro),2,2022,07/02/2022,8.3,0.207,0.1,2,19,422556
Stn.XVI (Sta Rosa),2,2022,07/02/2022,8.3,0.199,0.14,3,19,589913
Stn XVII (Sanctuary),2,2022,07/02/2022,8.3,0.196,0.17,2,20,425200
Stn XVIII (Pagsanjan),2,2022,07/02/2022,8.2,0.168,0.1,3,68,586410
Stn XIX (Muntinlupa),2,2022,07/02/2022,8.1,0.171,0.16,2,19,582482
Stn XX (GEMS),2,2022,07/02/2022,8.1,0.117,0.16,2,330,515641
Stn XXI (Cardona),2,2022,07/02/2022,8.2,0.206,0.13,1,18,309276
Stn XXII (Jala-jala),2,2022,07/02/2022,8.2,0.192,0.13,1,19,367977
Stn XXIII (Lumban),2,2022,07/02/2022,8.1,0.209,0.05,3,39,987855
Stn. I (Central West Bay),3,2022,01/03/2022,7.9,0.07,0.14,3,35,6304
Stn II (East Bay),3,2022,01/03/2022,8.2,0.02,0.1,3,76,6482
Stn. IV (Central Bay),3,2022,01/03/2022,8,0.04,0.14,2,28,8220
Stn V (Northern West Bay),3,2022,01/03/2022,8.3,0.02,0.17,3,18,32976
Stn VIII (South Bay),3,2022,01/03/2022,8.2,0.01,0.1,2,18,14008
Stn XIII (Taytay),3,2022,01/03/2022,8.2,0.02,0.16,4,43,202722
Stn XV (San Pedro),3,2022,01/03/2022,8,0.005,0.16,3,30,27939
Stn.XVI (Sta Rosa),3,2022,01/03/2022,8.1,0.01,0.13,3,18,55260
Stn XVII (Sanctuary),3,2022,01/03/2022,8.2,0.23,0.13,2,19,1088
Stn XVIII (Pagsanjan),3,2022,01/03/2022,8.1,0.005,0.05,2,19,26123
Stn XIX (Muntinlupa),3,2022,01/03/2022,8.1,0.01,0.2,3,20,35462
Stn XX (GEMS),3,2022,01/03/2022,7.9,0.04,0.14,2,320,2067
Stn XXI (Cardona),3,2022,01/03/2022,7,0.01,0.14,2,28,4247
Stn XXII (Jala-jala),3,2022,01/03/2022,6.8,0.005,0.1,2,19,16662
Stn XXIII (Lumban),3,2022,01/03/2022,7.5,0.06,0.05,3,39,1107
Stn. I (Central West Bay),4,2022,04/04/2022,8.2,0.03,0.18,3,28,12276
Stn II (East Bay),4,2022,04/04/2022,8.1,0.02,0.11,3,47,6292
Stn. IV (Central Bay),4,2022,04/04/2022,8.3,0.02,0.15,2,24,15256
Stn V (Northern West Bay),4,2022,04/04/2022,8.7,0.01,0.21,5,24,58276
Stn VIII (South Bay),4,2022,04/04/2022,8.1,0.03,0.14,3,18,15787
Stn XIII (Taytay),4,2022,04/04/2022,8.7,0.01,0.22,4,33,81454
Stn XV (San Pedro),4,2022,04/04/2022,8.3,0.01,0.14,2,26,7841
Stn.XVI (Sta Rosa),4,2022,04/04/2022,8.3,0.01,0.12,2,18,16325
Stn XVII (Sanctuary),4,2022,04/04/2022,8.4,0.01,0.15,2,19,30265
Stn XVIII (Pagsanjan),4,2022,04/04/2022,8.2,0.01,0.09,3,19,18259
Stn XIX (Muntinlupa),4,2022,04/04/2022,8.4,0.01,0.2,3,25,147757
Stn XX (GEMS),4,2022,04/04/2022,8.2,0.01,0.14,3,168,6866
Stn XXI (Cardona),4,2022,04/04/2022,8.5,0.01,0.18,2,24,10902
Stn XXII (Jala-jala),4,2022,04/04/2022,8.3,0.01,0.13,3,19,12258
Stn XXIII (Lumban),4,2022,04/04/2022,7.8,0.04,0.0554,4,245,15170
Stn. I (Central West Bay),5,2022,04/05/2022,8.2,0.01,0.14,2,28,15618
Stn II (East Bay),5,2022,04/05/2022,8.2,0.02,0.12,2,47,20074
Stn. IV (Central Bay),5,2022,04/05/2022,8.4,0.01,0.16,2,52,20060
Stn V (Northern West Bay),5,2022,04/05/2022,8.3,0.01,0.16,2,24,14385
Stn VIII (South Bay),5,2022,04/05/2022,8.2,0.02,0.13,2,33,23396
Stn XIII (Taytay),5,2022,04/05/2022,8.4,0.01,0.18,3,32,19546
Stn XV (San Pedro),5,2022,04/05/2022,8.1,0.01,0.13,4,34,18430
Stn.XVI (Sta Rosa),5,2022,04/05/2022,8.1,0.01,0.13,3,29,3958
Stn XVII (Sanctuary),5,2022,04/05/2022,8.5,0.01,0.15,3,34,32685
Stn XVIII (Pagsanjan),5,2022,04/05/2022,8.5,0.01,0.0458,5,28,58805
Stn XIX (Muntinlupa),5,2022,04/05/2022,8.4,0.01,0.21,4,24,15264
Stn XX (GEMS),5,2022,04/05/2022,8.2,0.01,0.13,3,145,25972
Stn XXI (Cardona),5,2022,04/05/2022,8.5,0.01,0.16,4,33,52273
Stn XXII (Jala-jala),5,2022,04/05/2022,8.2,0.02,0.13,3,43,20596
Stn XXIII (Lumban),5,2022,04/05/2022,7.7,0.03,0.06,4,465,33
Stn. I (Central West Bay),6,2022,06/06/2022,9,0.02,0.3,4,18,127298
Stn II (East Bay),6,2022,06/06/2022,9,0.02,0.1,4,47,89352
Stn. IV (Central Bay),6,2022,06/06/2022,9.1,0.01,0.25,4,39,50681
Stn V (Northern West Bay),6,2022,06/06/2022,9,0.03,0.4,5,24,103372
Stn VIII (South Bay),6,2022,06/06/2022,8.8,0.01,0.2,5,33,26363
Stn XIII (Taytay),6,2022,06/06/2022,9,0.02,0.44,5,19,234565
Stn XV (San Pedro),6,2022,06/06/2022,8.9,0.01,0.17,4,26,50241
Stn.XVI (Sta Rosa),6,2022,06/06/2022,8.9,0.01,0.2,4,29,19487
Stn XVII (Sanctuary),6,2022,06/06/2022,9.1,0.01,0.26,5,34,51386
Stn XVIII (Pagsanjan),6,2022,06/06/2022,9.2,0.02,0.0728,5,28,24665
Stn XIX (Muntinlupa),6,2022,06/06/2022,9,0.01,0.22,3,23,172075
Stn XX (GEMS),6,2022,06/06/2022,9,0.01,0.29,5,88,24532
Stn XXI (Cardona),6,2022,06/06/2022,9.4,0.02,0.24,6,24,123065
Stn XXII (Jala-jala),6,2022,06/06/2022,8.8,0.03,0.21,4,41,26992
Stn XXIII (Lumban),6,2022,06/06/2022,8.5,0.03,0.042,5,285,45872
Stn. I (Central West Bay),7,2022,01/07/2022,9.4,0.09,0.28,5,19,122370
Stn II (East Bay),7,2022,01/07/2022,9.3,0.13,0.13,5,47,71826
Stn. IV (Central Bay),7,2022,01/07/2022,9.4,0.04,0.33,6,64,119153
Stn V (Northern West Bay),7,2022,01/07/2022,9.3,0.08,0.42,5,24,94197
Stn VIII (South Bay),7,2022,01/07/2022,9.2,0.5,0.28,5,33,188472
Stn XIII (Taytay),7,2022,01/07/2022,9.2,0.03,0.46,8,24,70131
Stn XV (San Pedro),7,2022,01/07/2022,8.9,0.08,0.2,4,34,43336
Stn.XVI (Sta Rosa),7,2022,01/07/2022,8.3,0.11,0.21,4,88,30196
Stn XVII (Sanctuary),7,2022,01/07/2022,9.4,0.02,0.28,6,34,82653
Stn XVIII (Pagsanjan),7,2022,01/07/2022,9.2,0.02,0.02,5,29,30366
Stn XIX (Muntinlupa),7,2022,01/07/2022,8.8,0.02,0.29,4,18,103358
Stn XX (GEMS),7,2022,01/07/2022,9.1,0.06,0.39,5,125,142268
Stn XXI (Cardona),7,2022,01/07/2022,9.4,0.06,0.32,4,24,28740
Stn XXII (Jala-jala),7,2022,01/07/2022,9.3,0.02,0.29,5,41,109394
Stn XXIII (Lumban),7,2022,01/07/2022,8.5,0.04,0.03,4,56,13239
Stn. I (Central West Bay),8,2022,01/08/2022,7.9,0.16,0.73,4,44,119172
Stn II (East Bay),8,2022,01/08/2022,8,0.02,0.28,3,25,974561
Stn. IV (Central Bay),8,2022,01/08/2022,8.9,0.06,0.28,8,30,811156
Stn V (Northern West Bay),8,2022,01/08/2022,8.5,0.23,0.26,4,102,136895
Stn VIII (South Bay),8,2022,01/08/2022,8.8,0.02,0.22,3,29,36683
Stn XIII (Taytay),8,2022,01/08/2022,8.6,0.27,0.24,5,64,140191
Stn XV (San Pedro),8,2022,01/08/2022,8.2,0.38,0.28,3,147,10153
Stn.XVI (Sta Rosa),8,2022,01/08/2022,8.5,0.02,0.22,3,143,41201
Stn XVII (Sanctuary),8,2022,01/08/2022,8.7,0.02,0.24,3,19,50326
Stn XVIII (Pagsanjan),8,2022,01/08/2022,8.9,0.03,0.02,6,19,59437
Stn XIX (Muntinlupa),8,2022,01/08/2022,8.2,0.11,0.22,3,18,14725
Stn XX (GEMS),8,2022,01/08/2022,8.3,0.04,0.28,3,277,38503
Stn XXI (Cardona),8,2022,01/08/2022,8.6,0.03,0.31,4,24,102637
Stn XXII (Jala-jala),8,2022,01/08/2022,8.7,0.04,0.14,4,19,107716
Stn XXIII (Lumban),8,2022,01/08/2022,8.6,0.02,0.02,3,29,207001
Stn. I (Central West Bay),9,2022,05/09/2022,7.9,0.07,0.14,3,44,8613
Stn II (East Bay),9,2022,05/09/2022,8,0.07,0.05,2,39,37713
Stn. IV (Central Bay),9,2022,05/09/2022,7.8,0.01,0.15,2,40,22343
Stn V (Northern West Bay),9,2022,05/09/2022,8.6,0.03,0.18,2,166,11051
Stn VIII (South Bay),9,2022,05/09/2022,6.8,0.04,0.15,5,88,101799
Stn XIII (Taytay),9,2022,05/09/2022,8.1,0.29,0.2,4,125,7529
Stn XV (San Pedro),9,2022,05/09/2022,7.9,0.1,0.23,3,947,6804
Stn.XVI (Sta Rosa),9,2022,05/09/2022,8,0.03,0.15,3,595,5073
Stn XVII (Sanctuary),9,2022,05/09/2022,8.7,0.04,0.05,4,48,12802
Stn XVIII (Pagsanjan),9,2022,05/09/2022,8.3,0.06,0.12,3,37,44646
Stn XIX (Muntinlupa),9,2022,05/09/2022,8.5,0.07,0.18,3,18,19010
Stn XX (GEMS),9,2022,05/09/2022,7.7,0.02,0.15,2,882,1535
Stn XXI (Cardona),9,2022,05/09/2022,7.7,0.005,0.16,4,64,152925
Stn XXII (Jala-jala),9,2022,05/09/2022,8.8,0.03,0.14,3,24,30166
Stn XXIII (Lumban),9,2022,05/09/2022,8,0.06,0.13,3,87,24118
Stn. I (Central West Bay),10,2022,10/10/2022,7.5,0.03,0.13,2,282,535
Stn II (East Bay),10,2022,10/10/2022,7.6,0.02,0.09,2,228,17324
Stn. IV (Central Bay),10,2022,10/10/2022,7.7,0.005,0.15,2,86,126
Stn V (Northern West Bay),10,2022,10/10/2022,7.7,0.005,0.15,2,236,15210
Stn VIII (South Bay),10,2022,10/10/2022,8.1,0.005,0.09,2,91,33915
Stn XIII (Taytay),10,2022,10/10/2022,7.8,0.005,0.15,2,95,14392
Stn XV (San Pedro),10,2022,10/10/2022,7.9,0.07,0.14,2,1138,34242
Stn.XVI (Sta Rosa),10,2022,10/10/2022,7.7,0.005,0.1,3,322,25317
Stn XVII (Sanctuary),10,2022,10/10/2022,7.8,0.005,0.13,2,93,980
Stn XVIII (Pagsanjan),10,2022,10/10/2022,7.4,0.005,0.03,2,70,42431
Stn XIX (Muntinlupa),10,2022,10/10/2022,7.8,0.02,0.11,3,24,31010
Stn XX (GEMS),10,2022,10/10/2022,7.7,0.03,0.11,2,1900,16909
Stn XXI (Cardona),10,2022,10/10/2022,7.7,0.02,0.08,2,227,1522
Stn XXII (Jala-jala),10,2022,10/10/2022,7.6,0.005,0.09,3,101,7747
Stn XXIII (Lumban),10,2022,10/10/2022,7.6,0.005,0.04,2,131,150770
Stn. I (Central West Bay),11,2022,03/11/2022,7.5,0.04,0.08,3,220,1931
Stn II (East Bay),11,2022,03/11/2022,7.3,0.18,0.09,2,359,2772
Stn. IV (Central Bay),11,2022,03/11/2022,8.315039578,0.053541623,0.139858564,2.44494863,169.4882096,
Stn V (Northern West Bay),11,2022,03/11/2022,8,0.01,0.1,2,150,5107
Stn VIII (South Bay),11,2022,03/11/2022,7.7,0.005,0.11,1,255,2217
Stn XIII (Taytay),11,2022,03/11/2022,8,0.005,0.08,2,84,11523
Stn XV (San Pedro),11,2022,03/11/2022,7.4,0.005,0.02,3,1138,3253
Stn.XVI (Sta Rosa),11,2022,03/11/2022,7.6,0.02,0.13,2,258,2699
Stn XVII (Sanctuary),11,2022,03/11/2022,8,0.04,0.1,2,93,2420
Stn XVIII (Pagsanjan),11,2022,03/11/2022,7,0.01,0.08,3,123,2527
Stn XIX (Muntinlupa),11,2022,03/11/2022,7.5,0.01,0.15,3,40,2888
Stn XX (GEMS),11,2022,03/11/2022,7.6,0.01,0.1,2,981,1741
Stn XXI (Cardona),11,2022,03/11/2022,7.7,0.02,0.11,2,273,2426
Stn XXII (Jala-jala),11,2022,03/11/2022,7.6,0.05,0.1,3,159,3604
Stn XXIII (Lumban),11,2022,03/11/2022,6.9,0.03,0.07,3,312,4206
Stn. I (Central West Bay),12,2022,01/12/2022,7.1,0.005,0.15,2,220,576
Stn II (East Bay),12,2022,01/12/2022,7.6,0.02,0.14,2,329,3810
Stn. IV (Central Bay),12,2022,01/12/2022,7.8,0.005,0.13,2,320,1873
Stn V (Northern West Bay),12,2022,01/12/2022,7.3,0.05,0.16,1,95,1271
Stn VIII (South Bay),12,2022,01/12/2022,7.1,0.005,0.14,2,255,2946
Stn XIII (Taytay),12,2022,01/12/2022,8,0.005,0.14,3,44,2199
Stn XV (San Pedro),12,2022,01/12/2022,7.8,0.005,0.15,1,170,3646
Stn.XVI (Sta Rosa),12,2022,01/12/2022,7.6,0.02,0.14,2,62,2933
Stn XVII (Sanctuary),12,2022,01/12/2022,7.8,0.005,0.13,2,36,2999
Stn XVIII (Pagsanjan),12,2022,01/12/2022,7.4,0.23,0.06,3,147,2271
Stn XIX (Muntinlupa),12,2022,01/12/2022,7.7,0.02,0.14,1,40,2823
Stn XX (GEMS),12,2022,01/12/2022,7.3,0.005,0.12,1,1580,2580
Stn XXI (Cardona),12,2022,01/12/2022,7.9,0.13,0.13,1,252,3047
Stn XXII (Jala-jala),12,2022,01/12/2022,7.4,0.09,0.13,2,236,4303
Stn XXIII (Lumban),12,2022,01/12/2022,7,0.05,0.04,2,274,9572
Stn. I (Central West Bay),1,2023,02/01/2023,7.7,0.029,0.171,2,33,3089
Stn II (East Bay),1,2023,02/01/2023,7.8,0.005,0.155,2,133,-1574
Stn. IV (Central Bay),1,2023,02/01/2023,7.8,0.005,0.188,2,76,20504
Stn V (Northern West Bay),1,2023,02/01/2023,7.8,0.022,0.176,3,90,436
Stn VIII (South Bay),1,2023,02/01/2023,7.8,0.016,0.149,2,402,-8288
Stn XIII (Taytay),1,2023,02/01/2023,7.8,0.025,0.191,3,97,60782
Stn XV (San Pedro),1,2023,02/01/2023,7.8,0.025,0.178,1,434,-12467
Stn.XVI (Sta Rosa),1,2023,02/01/2023,7.7,0.005,0.175,2,220,3063
Stn XVII (Sanctuary),1,2023,02/01/2023,7.8,0.013,0.156,2,49,-4582
Stn XVIII (Pagsanjan),1,2023,02/01/2023,7.2,0.015,0.052,2,200,5565
Stn XIX (Muntinlupa),1,2023,02/01/2023,7.8,0.005,0.185,2,150,2237
Stn XX (GEMS),1,2023,02/01/2023,7.7,0.036,0.179,2,1939,-1449
Stn XXI (Cardona),1,2023,02/01/2023,7.9,0.028,0.403,1,131,21541
Stn XXII (Jala-jala),1,2023,02/01/2023,7.8,0.036,0.142,2,200,6123
Stn XXIII (Lumban),1,2023,02/01/2023,6.9,0.028,0.223,2,784,-10583
Stn. I (Central West Bay),2,2023,06/02/2023,7.8,0.06,0.19,2,19,31400
Stn II (East Bay),2,2023,06/02/2023,7.7,0.08,0.16,2,172,57571
Stn. IV (Central Bay),2,2023,06/02/2023,7.8,0.4,0.19,1,49,38533
Stn V (Northern West Bay),2,2023,06/02/2023,7.9,0.03,0.21,2,35,23596
Stn VIII (South Bay),2,2023,06/02/2023,7.9,0.03,0.21,1,91,23790
Stn XIII (Taytay),2,2023,06/02/2023,7.9,0.02,0.21,1,41,34141
Stn XV (San Pedro),2,2023,06/02/2023,7.9,0.03,0.21,2,175,23596
Stn.XVI (Sta Rosa),2,2023,06/02/2023,7.9,0.04,0.23,1,108,5987
Stn XVII (Sanctuary),2,2023,06/02/2023,7.9,0.03,0.21,2,242,23596
Stn XVIII (Pagsanjan),2,2023,06/02/2023,7.8,0.03,0.11,2,113,41749
Stn XIX (Muntinlupa),2,2023,06/02/2023,7.9,0.02,0.21,2,150,28476
Stn XX (GEMS),2,2023,06/02/2023,7.9,0.03,0.21,1,1554,23790
Stn XXI (Cardona),2,2023,06/02/2023,7.9,0.03,0.2,2,211,37185
Stn XXII (Jala-jala),2,2023,06/02/2023,8,0.07,0.21,2,167,16222
Stn XXIII (Lumban),2,2023,06/02/2023,7.3,0.07,0.1,2,956,33907
Stn. I (Central West Bay),3,2023,06/03/2023,8,0.03,0.26,1,30,-5311
Stn II (East Bay),3,2023,06/03/2023,8,0.005,0.21,1,268,15383
Stn. IV (Central Bay),3,2023,06/03/2023,8,0.005,0.25,2,44,9853
Stn V (Northern West Bay),3,2023,06/03/2023,8.3,0.005,0.25,3,72,89815
Stn VIII (South Bay),3,2023,06/03/2023,8,0.005,0.26,1,56,15139
Stn XIII (Taytay),3,2023,06/03/2023,7.9,0.02,0.31,2,146,186074
Stn XV (San Pedro),3,2023,06/03/2023,8,0.005,0.25,1,182,11891
Stn.XVI (Sta Rosa),3,2023,06/03/2023,8,0.02,0.24,2,147,37085
Stn XVII (Sanctuary),3,2023,06/03/2023,8,0.04,0.25,0.5,251,-2715
Stn XVIII (Pagsanjan),3,2023,06/03/2023,7.9,0.005,0.19,1,67,24767
Stn XIX (Muntinlupa),3,2023,06/03/2023,8,0.005,0.25,1,244,11891
Stn XX (GEMS),3,2023,06/03/2023,8,0.02,0.26,1,513,29993
Stn XXI (Cardona),3,2023,06/03/2023,8,0.08,0.25,1,141,10733
Stn XXII (Jala-jala),3,2023,06/03/2023,8,0.005,0.23,2,167,31980
Stn XXIII (Lumban),3,2023,06/03/2023,7.6,0.005,0.13,3,1090,63209
Stn. I (Central West Bay),4,2023,03/04/2023,7.9,0.005,0.28,2,41,159071
Stn II (East Bay),4,2023,03/04/2023,8,0.005,0.22,2,187,70390
Stn. IV (Central Bay),4,2023,03/04/2023,7.9,0.005,0.27,1,97,42013
Stn V (Northern West Bay),4,2023,03/04/2023,8.6,0.005,0.26,4,64,79976
Stn VIII (South Bay),4,2023,03/04/2023,8.2,0.005,0.24,2,35,45750
Stn XIII (Taytay),4,2023,03/04/2023,8.2,0.005,0.38,3,104,170762
Stn XV (San Pedro),4,2023,03/04/2023,8,0.005,0.26,2,59,21743
Stn.XVI (Sta Rosa),4,2023,03/04/2023,8,0.005,0.24,1,34,47098
Stn XVII (Sanctuary),4,2023,03/04/2023,8,0.005,0.28,2,99,159071
Stn XVIII (Pagsanjan),4,2023,03/04/2023,8.3,0.005,0.1,3,26,46835
Stn XIX (Muntinlupa),4,2023,03/04/2023,8,0.005,0.27,2,50,40664
Stn XX (GEMS),4,2023,03/04/2023,8.1,0.005,0.25,2,235,20246
Stn XXI (Cardona),4,2023,03/04/2023,8,0.005,0.26,2,80,21743
Stn XXII (Jala-jala),4,2023,03/04/2023,8.1,0.005,0.2,2,49,26103
Stn XXIII (Lumban),4,2023,03/04/2023,8,0.005,0.08,3,169,43573
Stn. I (Central West Bay),5,2023,01/05/2023,8.5,0.19,0.27,2,40,87265
Stn II (East Bay),5,2023,01/05/2023,8.1,1.04,0.24,1,88,123215
Stn. IV (Central Bay),5,2023,01/05/2023,8.4,0.01,0.26,2,94,19500
Stn V (Northern West Bay),5,2023,01/05/2023,8.7,0.03,0.29,5,62,64021
Stn VIII (South Bay),5,2023,01/05/2023,8.6,0.005,0.25,2,34,38404
Stn XIII (Taytay),5,2023,01/05/2023,8.5,0.06,0.27,4,189,118231
Stn XV (San Pedro),5,2023,01/05/2023,8.6,0.005,0.24,2,25,73068
Stn.XVI (Sta Rosa),5,2023,01/05/2023,8.7,0.005,0.23,2,34,73593
Stn XVII (Sanctuary),5,2023,01/05/2023,8.3,0.01,0.26,1,19,21879
Stn XVIII (Pagsanjan),5,2023,01/05/2023,8.2,0.005,0.11,2,25,10426
Stn XIX (Muntinlupa),5,2023,01/05/2023,8.4,0.04,0.3,3,30,27837
Stn XX (GEMS),5,2023,01/05/2023,8.6,0.01,0.23,1,462,54354
Stn XXI (Cardona),5,2023,01/05/2023,8.2,0.005,0.28,2,31,170930
Stn XXII (Jala-jala),5,2023,01/05/2023,8.5,0.005,0.26,2,36,38404
Stn XXIII (Lumban),5,2023,01/05/2023,7.5,0.005,0.08,2,76,16492
Stn. I (Central West Bay),6,2023,05/06/2023,8.1,0.02,0.28,2,24,224851
Stn II (East Bay),6,2023,05/06/2023,8.2,0.19,0.19,1,29,596
Stn. IV (Central Bay),6,2023,05/06/2023,8.6,0.005,0.22,2,56,38422
Stn V (Northern West Bay),6,2023,05/06/2023,8.8,0.005,0.21,5,30,109391
Stn VIII (South Bay),6,2023,05/06/2023,8.2,0.05,0.2,2,44,26888
Stn XIII (Taytay),6,2023,05/06/2023,8.8,0.005,0.19,4,93,57343
Stn XV (San Pedro),6,2023,05/06/2023,8.6,0.05,0.2,2,86,26888
Stn.XVI (Sta Rosa),6,2023,05/06/2023,8.2,0.02,0.2,2,59,10704
Stn XVII (Sanctuary),6,2023,05/06/2023,8.8,0.005,0.19,1,19,4539
Stn XVIII (Pagsanjan),6,2023,05/06/2023,8.3,0.005,0.09,2,55,7367
Stn XIX (Muntinlupa),6,2023,05/06/2023,8.4,0.005,0.2,3,49,87788
Stn XX (GEMS),6,2023,05/06/2023,7.8,0.005,0.26,1,895,13560
Stn XXI (Cardona),6,2023,05/06/2023,8.7,0.005,0.21,2,20,28123
Stn XXII (Jala-jala),6,2023,05/06/2023,8.3,0.07,0.2,2,25,21946
Stn XXIII (Lumban),6,2023,05/06/2023,7.7,0.02,0.11,2,34,24185
Stn. I (Central West Bay),7,2023,03/07/2023,8.2,0.02,0.1056,2,41,188874
Stn II (East Bay),7,2023,03/07/2023,8.5,0.01,0.0644,2,19,132496
Stn. IV (Central Bay),7,2023,03/07/2023,8.5,0.01,0.1182,1,43,132302
Stn V (Northern West Bay),7,2023,03/07/2023,8.6,0.01,0.1364,1,19,132302
Stn VIII (South Bay),7,2023,03/07/2023,8.5,0.03,0.0702,3,42,93728
Stn XIII (Taytay),7,2023,03/07/2023,8.8,0.01,0.172,2,57,132496
Stn XV (San Pedro),7,2023,03/07/2023,8.5,0.01,0.035,2,148,132496
Stn.XVI (Sta Rosa),7,2023,03/07/2023,8.4,0.02,0.0828,2,64,188874
Stn XVII (Sanctuary),7,2023,03/07/2023,8.7,0.01,0.104,2,63,132496
Stn XVIII (Pagsanjan),7,2023,03/07/2023,8.3,0.01,0.0924,2,53,132496
Stn XIX (Muntinlupa),7,2023,03/07/2023,8.4,0.05,0.0828,2,64,40051
Stn XX (GEMS),7,2023,03/07/2023,8.1,0.01,0.0472,2,1010,132496
Stn XXI (Cardona),7,2023,03/07/2023,8.6,0.01,0.0994,3,49,148610
Stn XXII (Jala-jala),7,2023,03/07/2023,8.6,0.02,0.0738,2,24,188874
Stn XXIII (Lumban),7,2023,03/07/2023,7.7,0.04,0.0966,2,64,28569
Stn. I (Central West Bay),8,2023,07/08/2023,8.1,0.4,0.18,2,146,-7364
Stn II (East Bay),8,2023,07/08/2023,8,0.07,0.13,2,19,8804
Stn. IV (Central Bay),8,2023,07/08/2023,8.2,0.01,0.17,2,44,20288
Stn V (Northern West Bay),8,2023,07/08/2023,8.3,0.02,0.14,2,26,17084
Stn VIII (South Bay),8,2023,07/08/2023,8.3,0.01,0.15,2,42,19964
Stn XIII (Taytay),8,2023,07/08/2023,8.4,0.01,0.15,3,32,14273
Stn XV (San Pedro),8,2023,07/08/2023,8.5,0.01,0.16,2,287,17978
Stn.XVI (Sta Rosa),8,2023,07/08/2023,8.5,0.01,0.14,2,42,24958
Stn XVII (Sanctuary),8,2023,07/08/2023,8.4,0.01,0.1,2,63,43721
Stn XVIII (Pagsanjan),8,2023,07/08/2023,8.1,0.02,0.11,2,53,16614
Stn XIX (Muntinlupa),8,2023,07/08/2023,8,0.01,0.14,3,64,20157
Stn XX (GEMS),8,2023,07/08/2023,8,0.01,0.13,2,855,30944
Stn XXI (Cardona),8,2023,07/08/2023,8.3,0.01,0.14,2,77,24958
Stn XXII (Jala-jala),8,2023,07/08/2023,8.5,0.01,0.14,2,57,24958
Stn XXIII (Lumban),8,2023,07/08/2023,8.1,0.01,0.14,2,47,24958
Stn. I (Central West Bay),9,2023,04/09/2023,8.5,0.08,0.1,3,146,41879
Stn II (East Bay),9,2023,04/09/2023,8,0.01,0.12,5,19,43583
Stn. IV (Central Bay),9,2023,04/09/2023,8.5,0.01,0.14,3,43,58251
Stn V (Northern West Bay),9,2023,04/09/2023,8.5,0.01,0.13,3,39,64342
Stn VIII (South Bay),9,2023,04/09/2023,8.4,0.01,0.12,2,18,71318
Stn XIII (Taytay),9,2023,04/09/2023,8.3,0.01,0.14,2,19,73655
Stn XV (San Pedro),9,2023,04/09/2023,8.4,0.03,0.16,4,84,69843
Stn.XVI (Sta Rosa),9,2023,04/09/2023,8.1,0.01,0.15,2,47,58011
Stn XVII (Sanctuary),9,2023,04/09/2023,8.4,0.01,0.14,1,63,149570
Stn XVIII (Pagsanjan),9,2023,04/09/2023,8.4,0.01,0.13,2,18,82135
Stn XIX (Muntinlupa),9,2023,04/09/2023,8.6,0.01,0.14,1,24,149570
Stn XX (GEMS),9,2023,04/09/2023,8.5,0.02,0.13,2,354,64646
Stn XXI (Cardona),9,2023,04/09/2023,8.7,0.01,0.13,2,126,82135
Stn XXII (Jala-jala),9,2023,04/09/2023,8.4,0.01,0.13,2,42,82135
Stn XXIII (Lumban),9,2023,04/09/2023,8.1,0.01,0.11,2,47,70640
Stn. I (Central West Bay),10,2023,02/10/2023,8.7,0.02,0.6,2,237,592560
Stn II (East Bay),10,2023,02/10/2023,8.5,0.01,0.4,2,49,566051
Stn. IV (Central Bay),10,2023,02/10/2023,8.6,0.01,0.5,1,70,608071
Stn V (Northern West Bay),10,2023,02/10/2023,8.6,0.03,0.4,2,89,35797
Stn VIII (South Bay),10,2023,02/10/2023,8.2,0.03,0.4,2,42,35797
Stn XIII (Taytay),10,2023,02/10/2023,8.5,0.04,0.5,2,25,39589
Stn XV (San Pedro),10,2023,02/10/2023,7.8,0.51,0.5,2,135,99726
Stn.XVI (Sta Rosa),10,2023,02/10/2023,8.1,0.04,0.3,2,62,4791
Stn XVII (Sanctuary),10,2023,02/10/2023,8.6,0.01,0.4,2,27,566051
Stn XVIII (Pagsanjan),10,2023,02/10/2023,8.4,0.01,0.2,2,18,18845
Stn XIX (Muntinlupa),10,2023,02/10/2023,8.4,0.04,0.4,2,18,8103
Stn XX (GEMS),10,2023,02/10/2023,8.8,0.02,0.5,2,354,592560
Stn XXI (Cardona),10,2023,02/10/2023,8.6,0.01,0.5,2,169,597538
Stn XXII (Jala-jala),10,2023,02/10/2023,8.6,0.01,0.4,2,81,566051
Stn XXIII (Lumban),10,2023,02/10/2023,7.9,0.01,0.3,2,57,578870
Stn. I (Central West Bay),11,2023,06/11/2023,8.4,0.09,0.37,2,67,21770
Stn II (East Bay),11,2023,06/11/2023,8.1,0.1,0.33,2,47,23611
Stn. IV (Central Bay),11,2023,06/11/2023,8.1,0.05,0.41,2,157,6375
Stn V (Northern West Bay),11,2023,06/11/2023,8.4,0.05,0.38,2,66,12831
Stn VIII (South Bay),11,2023,06/11/2023,8.3,0.04,0.35,1,42,16264
Stn XIII (Taytay),11,2023,06/11/2023,8.5,0.05,0.39,2,57,21101
Stn XV (San Pedro),11,2023,06/11/2023,8.2,0.05,0.35,1,163,23489
Stn.XVI (Sta Rosa),11,2023,06/11/2023,8.2,0.02,0.36,2,145,174156
Stn XVII (Sanctuary),11,2023,06/11/2023,8.3,0.02,0.4,2,63,158851
Stn XVIII (Pagsanjan),11,2023,06/11/2023,8.1,0.01,0.16,1,75,17689
Stn XIX (Muntinlupa),11,2023,06/11/2023,8.2,0.04,0.35,2,38,17818
Stn XX (GEMS),11,2023,06/11/2023,8.2,0.03,0.32,2,265,38070
Stn XXI (Cardona),11,2023,06/11/2023,8.3,0.02,0.36,2,107,174156
Stn XXII (Jala-jala),11,2023,06/11/2023,8.3,0.02,0.34,1,35,172832
Stn XXIII (Lumban),11,2023,06/11/2023,7.4,0.1,0.22,2,201,34399
Stn. I (Central West Bay),12,2023,04/12/2023,8.1,0.0812,0.09,1,67,27699
Stn II (East Bay),12,2023,04/12/2023,8.1,0.0384,0.08,2,111,29510
Stn. IV (Central Bay),12,2023,04/12/2023,8.2,0.084,0.1,1,256,26232
Stn V (Northern West Bay),12,2023,04/12/2023,8.4,0.0436,0.09,2,98,28135
Stn VIII (South Bay),12,2023,04/12/2023,8.3,0.0792,0.09,1,127,27699
Stn XIII (Taytay),12,2023,04/12/2023,8.6,0.0228,0.1,2,128,26668
Stn XV (San Pedro),12,2023,04/12/2023,8.4,0.0442,0.09,2,368,28135
Stn.XVI (Sta Rosa),12,2023,04/12/2023,8.1,0.0384,0.1,2,318,26668
Stn XVII (Sanctuary),12,2023,04/12/2023,8.4,0.0446,0.09,2,63,28135
Stn XVIII (Pagsanjan),12,2023,04/12/2023,7.7,0.0188,0.06,2,102,30060
Stn XIX (Muntinlupa),12,2023,04/12/2023,8.6,0.0228,0.09,2,100,28135
Stn XX (GEMS),12,2023,04/12/2023,8.2,0.0972,0.09,2,330,28135
Stn XXI (Cardona),12,2023,04/12/2023,8.3,0.0628,0.1,2,154,26668
Stn XXII (Jala-jala),12,2023,04/12/2023,8.3,0.0628,0.08,2,92,29510
Stn XXIII (Lumban),12,2023,04/12/2023,7.2,0.1226,0.05,1,618,64751
Stn. I (Central West Bay),,,09/20/2024,8.274959716771926,0.17768567496394877,0.1484904506269953,2.104849297569891,111.48628201310314,87316.0625
Stn V (Northern West Bay),,,09/20/2024,8.50915261239092,0.018409723414963632,0.2045180544881851,2.1795865814009936,54.00741263675589,65838.6328125
Stn XIII (Taytay),,,09/20/2024,8.878642861983112,0.27042570634114277,0.2576867366126627,2.010537160122012,39.154968360134184,63907.44921875
Stn XV (San Pedro),,,09/20/2024,8.300686948200251,0.038170014351857254,0.19159499258029675,2.4322458696151203,209.04159291245017,80048.3515625
Stn.XVI (Sta Rosa),,,09/20/2024,8.144314357100498,0.016726426607934806,0.21618557244517608,2.2808746545146654,471.9507892781676,43525.953125
Stn XIX (Muntinlupa),,,09/20/2024,8.987853866956884,0.05420445658213964,0.09865541416644195,1.3053232806165576,35604.5529000041,100630.8984375
Stn. I (Central West Bay),,,09/20/2024,8.274959716771926,0.17768567496394877,0.1484904506269953,2.104849297569891,111.48628201310314,87316.0625
Stn V (Northern West Bay),,,09/20/2024,8.50915261239092,0.018409723414963632,0.2045180544881851,2.1795865814009936,54.00741263675589,65838.6328125
Stn XIII (Taytay),,,09/20/2024,8.878642861983112,0.27042570634114277,0.2576867366126627,2.010537160122012,39.154968360134184,63907.44921875
Stn XV (San Pedro),,,09/20/2024,8.300686948200251,0.038170014351857254,0.19159499258029675,2.4322458696151203,209.04159291245017,80048.3515625
Stn.XVI (Sta Rosa),,,09/20/2024,8.144314357100498,0.016726426607934806,0.21618557244517608,2.2808746545146654,471.9507892781676,43525.953125
Stn XIX (Muntinlupa),,,09/20/2024,8.987853866956884,0.05420445658213964,0.09865541416644195,1.3053232806165576,35604.5529000041,100630.8984375
Stn. I (Central West Bay),,,09/20/2024,8.274959716771926,0.17768567496394877,0.1484904506269953,2.104849297569891,111.48628201310314,87316.0625
Stn V (Northern West Bay),,,09/20/2024,8.50915261239092,0.018409723414963632,0.2045180544881851,2.1795865814009936,54.00741263675589,65838.6328125
Stn XIII (Taytay),,,09/20/2024,8.878642861983112,0.27042570634114277,0.2576867366126627,2.010537160122012,39.154968360134184,63907.44921875
Stn XV (San Pedro),,,09/20/2024,8.300686948200251,0.038170014351857254,0.19159499258029675,2.4322458696151203,209.04159291245017,80048.3515625
Stn.XVI (Sta Rosa),,,09/20/2024,8.144314357100498,0.016726426607934806,0.21618557244517608,2.2808746545146654,471.9507892781676,43525.953125
Stn XIX (Muntinlupa),,,09/20/2024,8.987853866956884,0.05420445658213964,0.09865541416644195,1.3053232806165576,35604.5529000041,100630.8984375
Stn. I (Central West Bay),,,09/20/2024,8.274959716771926,0.17768567496394877,0.1484904506269953,2.104849297569891,111.48628201310314,87316.0625
Stn V (Northern West Bay),,,09/20/2024,8.50915261239092,0.018409723414963632,0.2045180544881851,2.1795865814009936,54.00741263675589,65838.6328125
Stn XIII (Taytay),,,09/20/2024,8.878642861983112,0.27042570634114277,0.2576867366126627,2.010537160122012,39.154968360134184,63907.44921875
Stn XV (San Pedro),,,09/20/2024,8.300686948200251,0.038170014351857254,0.19159499258029675,2.4322458696151203,209.04159291245017,80048.3515625
Stn.XVI (Sta Rosa),,,09/20/2024,8.144314357100498,0.016726426607934806,0.21618557244517608,2.2808746545146654,471.9507892781676,43525.953125
Stn XIX (Muntinlupa),,,09/20/2024,8.987853866956884,0.05420445658213964,0.09865541416644195,1.3053232806165576,35604.5529000041,100630.8984375
Stn. I (Central West Bay),,,09/20/2024,8.274959716771926,0.17768567496394877,0.1484904506269953,2.104849297569891,111.48628201310314,87316.0625
Stn V (Northern West Bay),,,09/20/2024,8.50915261239092,0.018409723414963632,0.2045180544881851,2.1795865814009936,54.00741263675589,65838.6328125
Stn XIII (Taytay),,,09/20/2024,8.878642861983112,0.27042570634114277,0.2576867366126627,2.010537160122012,39.154968360134184,63907.44921875
Stn XV (San Pedro),,,09/20/2024,8.300686948200251,0.038170014351857254,0.19159499258029675,2.4322458696151203,209.04159291245017,80048.3515625
Stn.XVI (Sta Rosa),,,09/20/2024,8.144314357100498,0.016726426607934806,0.21618557244517608,2.2808746545146654,471.9507892781676,43525.953125
Stn XIX (Muntinlupa),,,09/20/2024,8.987853866956884,0.05420445658213964,0.09865541416644195,1.3053232806165576,35604.5529000041,100630.8984375
Stn. I (Central West Bay),,,09/21/2024,8.274959716771926,0.17768567496394877,0.1484904506269953,2.104849297569891,111.48628201310314,89738.078125
Stn V (Northern West Bay),,,09/21/2024,8.50915261239092,0.018409723414963632,0.2045180544881851,2.1795865814009936,54.00741263675589,44422.3359375
Stn XIII (Taytay),,,09/21/2024,8.878642861983112,0.27042570634114277,0.2576867366126627,2.010537160122012,39.154968360134184,88835.1640625
Stn XV (San Pedro),,,09/21/2024,8.300686948200251,0.038170014351857254,0.19159499258029675,2.4322458696151203,209.04159291245017,13474.517578125
Stn.XVI (Sta Rosa),,,09/21/2024,8.144314357100498,0.016726426607934806,0.21618557244517608,2.2808746545146654,471.9507892781676,-13727.3125
Stn XIX (Muntinlupa),,,09/21/2024,8.987853866956884,0.05420445658213964,0.09865541416644195,1.3053232806165576,35604.5529000041,58833.92578125
